所属模块,用例标题,前置条件,步骤,预期,关键词,优先级,用例类型,适用阶段
【0208版本】流程中心,流程列表 数据目录发布流程 验证流程详情页功能正常,无,"1. 选择【数据目录发布流程】记录, 检查详情页及按钮功能
","1. 1) 详情页内容显示正确
2) 返回列表等按钮功能正常
",,2,功能测试,功能测试阶段
【0208版本】流程中心,流程列表 主数据识别流程 验证流程详情页功能正常,无,"1. 选择【主数据识别流程】记录, 检查详情页及按钮功能
","1. 1) 详情页内容显示正确
2) 返回列表等按钮功能正常
",,2,功能测试,功能测试阶段
【0208版本】流程中心,流程列表 数据源认证流程 验证流程详情页功能正常,无,"1. 选择【数据源认证流程】记录, 检查详情页及按钮功能
","1. 1) 详情页内容显示正确
2) 返回列表等按钮功能正常
",,2,功能测试,功能测试阶段
【0208版本】流程中心,流程列表 数据安全定级流程 验证流程详情页功能正常,无,"1. 进入【流程中心-流程列表】页面
2. 选择【数据安全定级流程】记录, 点击流程标题
3. 检查详情页内容
4. 点击返回或关闭按钮
","1. 页面正常加载
2. 成功跳转至流程详情页面
3. 流程详情页面包含三个部分:办理组件、边栏组件、详情本体: 显示基本信息、流程表单、审批记录
4. 成功返回流程列表页面
",,2,功能测试,功能测试阶段
【0208版本】流程中心,流程发起 数据目录发布流程 异常场景 验证数据目录发布流程(非直接管理业务对象),1) L3业务对象字段数据完整<br>2) 当前用户不存在未办结的数据目录发布流程<br>3) 存在记录: L2责任人 != 当前用户 and L3清单中存在L3数据责任人 != 当前用户,"1. 点击【发起流程】按钮
2. 点击【确定】
","1. 弹窗二次确认, “存在非直接受您管埋的业务对象，是否确认提交？”
2. 提交成功
",,2,功能测试,功能测试阶段
【0208版本】流程中心,流程发起 数据目录发布流程 异常场景 验证数据目录发布流程(重复性校验拦截),1) L3业务对象字段数据完整<br>2) 拥有发起权限且未办结的同流程中，不存在重复L3元素,"1. 点击【发起流程】按钮
","1. Toast提示: 请勿重复提交
",,2,功能测试,功能测试阶段
【0208版本】流程中心,流程发起 数据目录发布流程 异常场景 验证数据目录发布流程(完整性校验拦截),拥有发起权限且存在L3业务对象字段数据不完整: 业务对象数据标准责任人工号为空,"1. 进入【数据安全-数据目录发布流程】表单页面
2. 在【认责数据所属L2业务域】中选择L2并加载L3
3. 检查L3业务对象明细列表
4. 检查L3查询结果
5. 为L3填写表单，移除不需要行
6. 点击【发起流程】
","1. 成功进入表单页面
2. 加载成功
3. 列出该L2下所有L3数据责任人 = 当前用户的L3业务对象
4. 1) 查询结果 > 0, L3清单填充该 L2下所有L3
2) 查询结果 = 0, L3清单填充查询结果
5. 配置成功
6. Toast提示: 表单填写校验不通过
",,2,功能测试,功能测试阶段
【0208版本】流程中心,流程发起 数据目录发布流程 异常场景 验证数据目录发布流程(未授权访问拦截),无【数据安全定级流程】发起权限,"1. 进入【流程中心-流程发起】页面
2. 点击【数据安全-数据目录发布流程】二级目录
","1. 进入成功
2. Toast提示: 您不是本流程的发起者,无法进入流程配置表单页面
",,2,功能测试,功能测试阶段
【0208版本】流程中心,流程发起 数据目录发布流程 验证无匹配L3可定级拦截,拥有发起权限且当前用户在某L2下并无作为"数据标准责任人"的L3节点,"1. 进入【数据安全-数据目录发布流程】表单页面
2. 在【认责数据所属L2业务域】中选择一个L2节点
","1. 成功进入表单页面
2. 1) Toast提示: 无您可定级数据
2) 系统不生成对应的L3明细表单,L3明细列表为空
",,2,功能测试,功能测试阶段
【0208版本】流程中心,流程发起 数据目录发布流程 验证已办结流程可重复发起,拥有【数据安全定级流程】发起权限且存在已办结的数据安全定级流程,"1. 进入【数据安全-数据目录发布流程】表单页面
2. 选择与已办结流程相同的L2节点并加载L3
3. 点击【发起流程】
4. 查看流程列表
","1. 成功进入表单页面
2. 加载成功
3. 流程发起成功
4. 流程列表中新增一条流程记录,与之前的已办结流程独立,互不影响,业务流水号不同
",,2,功能测试,功能测试阶段
【0208版本】流程中心,流程发起 数据目录发布流程 验证表单字段回显完整性,无,"1. 进入【数据安全-数据目录发布流程】表单页面
2. 在【认责数据所属L2业务域】中选择一个L2节点并加载L3
3. 检查L3明细列表回显的字段信息
","1. 成功进入表单页面
2. 加载成功
3. L3字段正确回显
",,2,功能测试,功能测试阶段
【0208版本】流程中心,流程发起 数据目录发布流程 验证备注选项,无,"1. 进入【数据架构-数据目录发布流程】表单页面
2. 在目录发布信息备注字段输入超过2000位的文本, 点击【发起流程】
3. 修改目录发布信息备注为2000位以内的文本, 点击【发起流程】
","1. 成功进入表单页面
2. 必填提示
3. 流程发起成功
",,2,功能测试,功能测试阶段
【0208版本】流程中心,流程发起 数据目录发布流程 验证数据标准责任领域选项,无,"1. 进入【数据架构-数据目录发布流程】表单页面
2. 不选择数据标准责任领域, 点击【发起流程】
3. 选择数据标准责任领域, 点击【发起流程】
","1. 成功进入表单页面
3. 流程发起成功
",,2,功能测试,功能测试阶段
【0208版本】流程中心,流程发起 数据目录发布流程 验证更新周期选项,无,"1. 进入【数据架构-数据目录发布流程】表单页面
2. 检查更新周期下拉选项
3. 不选择更新周期, 点击【发起流程】
4. 选择更新周期为每日, 点击【发起流程】
","1. 成功进入表单页面
2. 不定期、实时、每日、每周、每月、每季度、每年
3. 必填提示
4. 流程发起成功
",,2,功能测试,功能测试阶段
【0208版本】流程中心,流程发起 数据目录发布流程 验证资源分类选项,无,"1. 进入【数据架构-数据目录发布流程】表单页面
2. 检查资源分类下拉选项
3. 不选择资源分类, 点击【发起流程】
4. 选择资源分类为结构化资源, 点击【发起流程】
","1. 成功进入表单页面
2. 非结构化资源、结构化资源、时序数据、声像数据资源
3. 必填提示
4. 流程发起成功
",,2,功能测试,功能测试阶段
【0208版本】流程中心,流程发起 数据目录发布流程 验证L3节点支持选择多选,拥有【数据安全定级流程】发起权限且对应L2节点下存在多个当前用户为"数据标准责任人"的L3节点,"1. 进入【数据安全-数据目录发布流程】表单页面
2. 在【认责数据所属L2业务域】中选择一个L2节点并加载L3
3. 检查L3明细列表中显示的L3数量
4. 为多个L3分别填写当前安全等级
5. 点击【发起流程】按钮
6. 进入流程列表, 查看流程详情
","1. 成功进入表单页面
2. L3节点加载成功
3. L3明细列表中正确显示该L2下所有符合条件的L3节点
4. 填写成功
5. 流程发起成功
6. 流程详情中显示所有已加载的L3节点信息,数量与L2下符合条件的L3数量一致
",,2,功能测试,功能测试阶段
【0208版本】流程中心,流程发起 数据目录发布流程 验证发起数据目录发布流程完整流程,拥有【数据安全定级流程】发起权限且对应L2节点下存在当前用户为"数据标准责任人"的L3节点,"1. 进入【流程中心-流程发起】页面
2. 检查页面展示的流程目录结构
3. 点击【数据架构-数据目录发布流程】二级目录
4. 在【(L2)数据所属业务域】中选择L2节点
5. 检查回显的L3明细列表
6. 选择资源分类(非结构化资源/结构化资源/时序数据/声像数据资源)
7. 选择更新周期(不定期、实时、每日、每周、每月、每季度、每年)
8. 选择数据标准责任领域(53个核电标准领域)
9. 填写目录发布信息备注(1-2000位)
10. 点击【发起流程】按钮
11. 查看流程列表,确认流程已发起
","1. 页面加载正常
2. 展示二层目录结构
3. 成功跳转至数据目录发布流程配置表单页面
4. 选择成功,下拉列表中正确显示所有L2节点
5. 正确列出该L2下所有数据标准责任人=当前用户的L3业务对象明细列表
6. 选择成功
7. 选择成功
8. 选择成功
9. 填写成功
10. 流程发起成功,业务流水号格式为SJRZ+8位日期+本日第几个提交的表单
11. 流程列表中新增一条流程记录,流程状态: 审批中
",,1,功能测试,功能测试阶段
【0208版本】流程中心,流程发起 主数据识别流程 异常场景 验证主数据识别流程(非直接管理业务对象),1) L3业务对象字段数据完整<br>2) 当前用户不存在未办结的主数据识别流程<br>3) 存在记录: L2责任人 != 当前用户 and L3清单中存在L3数据责任人 != 当前用户,"1. 点击【发起流程】按钮
2. 点击【确定】
","1. 弹窗二次确认, “存在非直接受您管埋的业务对象，是否确认提交？”
2. 提交成功
",,2,功能测试,功能测试阶段
【0208版本】流程中心,流程发起 主数据识别流程 异常场景 验证主数据识别流程(重复性校验拦截),"拥有发起权限且当前用户存在未办结的主数据识别流程,该流程中包含L3节点A和B","1. 进入【数据安全-主数据识别流程】表单页面
2. 在【认责数据所属L2业务域】中选择L2并加载L3
3. 检查系统自动加载的L3明细列表
4. 检查L3查询结果
5. 移除非目标的L3后, 为剩余L3赋予勾选匹配规则项(主数据)
6. 点击【发起流程】按钮
","1. 成功进入表单页面
2. 加载成功
3. 列出该L2下所有L3数据责任人 = 当前用户的L3业务对象
4. 1) 查询结果 > 0, L3清单填充该 L2下所有L3
2) 查询结果 = 0, L3清单填充查询结果
5. 配置成功
6. Toast提示: 请勿重复提交
",,1,功能测试,功能测试阶段
【0208版本】流程中心,流程发起 主数据识别流程 异常场景 验证主数据识别流程(未授权访问拦截),无【数据安全定级流程】发起权限,"1. 进入【流程中心-流程发起】页面
2. 点击【数据安全-主数据识别流程】二级目录
","1. 进入成功
2. Toast提示: 您不是本流程的发起者,无法进入流程配置表单页面
",,2,功能测试,功能测试阶段
【0208版本】流程中心,流程发起 主数据识别流程 验证无匹配L3可定级拦截,拥有发起权限且当前用户在某L2下并无作为"数据标准责任人"的L3节点,"1. 进入【数据安全-主数据识别流程】表单页面
2. 在【认责数据所属L2业务域】中选择一个L2节点
","1. 成功进入表单页面
2. 1) Toast提示: 无您可定级数据
2) 系统不生成对应的L3明细表单,L3明细列表为空
",,2,功能测试,功能测试阶段
【0208版本】流程中心,流程发起 主数据识别流程 验证已办结流程可重复发起,拥有【数据安全定级流程】发起权限且存在已办结的数据安全定级流程,"1. 进入【数据安全-主数据识别流程】表单页面
2. 选择与已办结流程相同的L2节点并加载L3
3. 点击【发起流程】
4. 查看流程列表
","1. 成功进入表单页面
2. 加载成功
3. 流程发起成功
4. 流程列表中新增一条流程记录,与之前的已办结流程独立,互不影响,业务流水号不同
",,2,功能测试,功能测试阶段
【0208版本】流程中心,流程发起 主数据识别流程 验证数据类别自动判断逻辑(业务数据场景),无,"1. 进入【数据架构-主数据识别流程】表单页面
2. 在【认责数据所属L2业务域】中选择L2节点
3. 检查L3明细列表
4. 只勾选是否匹配规则1、2、3的复选框(规则4不勾选)
5. 检查数据类别字段的值
6. 点击【发起流程】
","1. 成功进入表单页面
2. L2节点选择成功
3. L3明细列表正常显示
4. 勾选成功
5. 数据类别自动判断为业务数据(4种规则未全部为true时为业务数据)
6. 流程发起成功
",,2,功能测试,功能测试阶段
【0208版本】流程中心,流程发起 主数据识别流程 验证数据类别自动判断逻辑(主数据场景),无,"1. 进入【数据架构-主数据识别流程】表单页面
2. 在【认责数据所属L2业务域】中选择L2节点
3. 检查L3明细列表
4. 勾选是否匹配规则1、2、3、4的复选框
5. 检查数据类别字段的值
6. 点击【发起流程】
","1. 成功进入表单页面
2. L2节点选择成功
3. L3明细列表正常显示
4. 勾选成功
5. 数据类别自动判断为主数据(4种规则全部为true时为主数据)
6. 流程发起成功
",,2,功能测试,功能测试阶段
【0208版本】流程中心,流程发起 主数据识别流程 验证表单字段回显完整性,无,"1. 进入【数据安全-主数据识别流程】表单页面
2. 在【认责数据所属L2业务域】中选择一个L2节点并加载L3
3. 检查L3明细列表回显的字段信息
","1. 成功进入表单页面
2. 加载成功
3. L3字段正确回显
",,2,功能测试,功能测试阶段
【0208版本】流程中心,流程发起 主数据识别流程 验证发起主数据识别流程完整流程,拥有【数据安全定级流程】发起权限且对应L2节点下存在当前用户为"数据标准责任人"的L3节点,"1. 进入【流程中心-流程发起】页面
2. 检查页面展示的流程目录结构
3. 点击【数据架构-主数据识别流程】二级目录
4. 在【认责数据所属L2业务域】中选择L2节点
5. 检查回显的L3明细列表
6. 勾选是否匹配规则1-7的复选框(4个规则全部勾选)
7. 检查系统自动判断的数据类别
8. 点击【发起流程】按钮
9. 查看流程列表,确认流程已发起
","1. 页面加载正常
2. 展示二层目录结构
3. 成功跳转至主数据识别流程配置表单页面
4. 选择成功,下拉列表中正确显示所有L2节点
5. 正确列出该L2下所有数据标准责任人=当前用户的L3业务对象明细列表
6. 勾选成功
7. 数据类别自动判断为主数据(4种规则全部为true时为主数据、否则为业务数据)
8. 流程发起成功,业务流水号格式为SJRZ+8位日期+本日第几个提交的表单
9. 流程列表中新增一条流程记录,流程状态: 审批中
",,1,功能测试,功能测试阶段
【0208版本】流程中心,流程发起 数据源认证流程 异常场景 验证数据源认证流程(非直接管理业务对象),1) L3业务对象字段数据完整<br>2) 当前用户不存在未办结的数据安全定级流程<br>3) 存在记录: L2责任人 != 当前用户 and L3清单中存在L3数据责任人 != 当前用户,"1. 点击【发起流程】按钮
2. 点击【确定】
","1. 弹窗二次确认, “存在非直接受您管埋的业务对象，是否确认提交？”
2. 提交成功
",,2,功能测试,功能测试阶段
【0208版本】流程中心,流程发起 数据源认证流程 异常场景 验证数据源认证流程(重复性校验拦截),"1) L3业务对象字段数据完整<br>2) 拥有发起权限且当前用户存在未办结的数据安全定级流程,该流程中包含L3节点A和B","1. 点击【发起流程】按钮
","1. Toast提示: 请勿重复提交
",,1,功能测试,功能测试阶段
【0208版本】流程中心,流程发起 数据源认证流程 异常场景 验证数据源认证流程(完整性校验拦截),拥有发起权限且存在L3业务对象字段数据不完整: 业务对象数据标准责任人工号为空,"1. 进入【数据安全-数据源认证流程】表单页面
2. 在【认责数据所属L2业务域】中选择L2并加载L3
3. 检查L3业务对象明细列表
4. 检查L3查询结果
5. 移除非目标的L3后, 为剩余L3赋予数据源属性
6. 点击【发起流程】
","1. 成功进入表单页面
2. 加载成功
3. 列出该L2下所有L3数据责任人 = 当前用户的L3业务对象
4. 1) 查询结果 > 0, L3清单填充该 L2下所有L3
2) 查询结果 = 0, L3清单填充查询结果
5. 配置成功
6. Toast提示: 表单填写校验不通过
",,2,功能测试,功能测试阶段
【0208版本】流程中心,流程发起 数据源认证流程 异常场景 验证数据源认证流程(未授权访问拦截),无【数据安全定级流程】发起权限,"1. 进入【流程中心-流程发起】页面
2. 点击【数据安全-数据源认证流程】二级目录
","1. 进入成功
2. Toast提示: 您不是本流程的发起者,无法进入流程配置表单页面
",,2,功能测试,功能测试阶段
【0208版本】流程中心,流程发起 数据源认证流程 验证无匹配L3可认证拦截,拥有发起权限且当前用户在某L2下并无作为"数据标准责任人"的L3节点,"1. 进入【数据架构-数据源认证流程】表单页面
2. 在【认责数据所属L2业务域】中选择该L2节点
","1. 成功进入表单页面
2. 1) Toast提示: 无您可认责数据
2) 系统不生成对应的L3明细表单,L3明细列表为空
",,2,功能测试,功能测试阶段
【0208版本】流程中心,流程发起 数据源认证流程 验证已办结流程可重复发起,无,"1. 进入【数据架构-数据源认证流程】表单页面
2. 在【认责数据所属L2业务域】中选择L2并加载L3
3. 点击【发起流程】
4. 查看流程列表
","1. 成功进入表单页面
2. 加载成功
3. 流程发起成功
4. 流程列表中新增一条流程记录,与之前的已办结流程独立,互不影响,业务流水号不同
",,2,功能测试,功能测试阶段
【0208版本】流程中心,流程发起 数据源认证流程 验证产生方式枚举值校验,无,"1. 进入【数据架构-数据源认证流程】表单页面
2. 检查产生方式下拉选项
3. 分别选择人工录入和接口产生, 点击【发起流程】
","1. 成功进入表单页面
2. 产生方式下拉选项包含:人工录入、接口产生
3. 流程发起成功
",,3,功能测试,功能测试阶段
【0208版本】流程中心,流程发起 数据源认证流程 验证备注/冲突解决方案长度校验,无,"1. 进入【数据架构-数据源认证流程】表单页面
2. 在备注/冲突解决方案字段输入超过2000位的文本, 点击【发起流程】
3. 修改备注/冲突解决方案为2000位以内的文本, 点击【发起流程】
","1. 成功进入表单页面
2. 红色警告提示
3. 流程发起成功
",,3,功能测试,功能测试阶段
【0208版本】流程中心,流程发起 数据源认证流程 验证权威数据源编码长度校验,无,"1. 进入【数据架构-数据源认证流程】表单页面
2. 在权威数据源编码字段输入超过100位的文本, 点击【发起流程】
3. 修改权威数据源编码字段为100位以内的文本, 点击【发起流程】
","1. 成功进入表单页面
2. 红色警告提示
3. 流程发起成功
",,3,功能测试,功能测试阶段
【0208版本】流程中心,流程发起 数据源认证流程 验证权威数据源长度校验,无,"1. 进入【数据架构-数据源认证流程】表单页面
2. 在权威数据源字段输入超过100位的文本, 点击【发起流程】
3. 修改权威数据源为100位以内的文本, 点击【发起流程】
","1. 成功进入表单页面
2. 红色警告提示
3. 流程发起成功
",,3,功能测试,功能测试阶段
【0208版本】流程中心,流程发起 数据源认证流程 验证产生方式必填校验,无,"1. 进入【数据架构-数据源认证流程】表单页面
2. 不选择产生方式, 点击【发起流程】
3. 选择产生方式, 点击【发起流程】
","1. 成功进入表单页面
2. 红色必填提示
3. 流程发起成功
",,2,功能测试,功能测试阶段
【0208版本】流程中心,流程发起 数据源认证流程 验证权威数据源编码必填校验,无,"1. 进入【数据架构-数据源认证流程】表单页面
2. 不填写权威数据源编码, 点击【发起流程】
3. 填写权威数据源编码, 点击【发起流程】
","1. 成功进入表单页面
2. 红色必填提示
3. 流程发起成功
",,2,功能测试,功能测试阶段
【0208版本】流程中心,流程发起 数据源认证流程 验证权威数据源必填校验,无,"1. 进入【数据架构-数据源认证流程】表单页面
2. 不填写权威数据源, 点击【发起流程】
3. 填写权威数据源, 点击【发起流程】
","1. 成功进入表单页面
2. 红色必填提示
3. 流程发起成功
",,2,功能测试,功能测试阶段
【0208版本】流程中心,流程发起 数据源认证流程 验证发起数据源认证流程完整流程,拥有【数据安全定级流程】发起权限且对应L2节点下存在当前用户为"数据标准责任人"的L3节点,"1. 进入【流程中心-流程发起】页面
2. 检查页面展示的流程目录结构
3. 点击【数据架构-数据源认证流程】二级目录
4. 在【认责数据所属L2业务域】中选择L2节点
5. 检查回显的L3明细列表
6. 填写权威数据源(1-100位)
7. 填写权威数据源编码(1-100位)
8. 选择产生方式(人工录入/接口产生)
9. 填写备注/冲突解决方案(1-2000位)
10. 点击【发起流程】按钮
11. 查看流程列表,确认流程已发起
","1. 页面加载正常
2. 展示二层目录结构
3. 成功跳转至数据源认证流程配置表单页面
4. 选择成功,下拉列表中正确显示所有L2节点
5. 正确列出该L2下所有数据标准责任人=当前用户的L3业务对象明细列表
6. 填写成功
7. 填写成功
8. 选择成功
9. 填写成功
10. 流程发起成功,业务流水号格式为SJRZ+8位日期+本日第几个提交的表单
11. 流程列表中新增一条流程记录,流程状态: 审批中
",,1,功能测试,功能测试阶段
【0208版本】流程中心,流程发起 数据安全定级流程 异常场景 验证数据源认证流程(非直接管理业务对象),1) L3业务对象字段数据完整<br>2) 当前用户不存在未办结的数据安全定级流程<br>3) 存在记录: L2责任人 != 当前用户 and L3清单中存在L3数据责任人 != 当前用户,"1. 点击【发起流程】按钮
2. 点击【确定】
","1. 弹窗二次确认, “存在非直接受您管埋的业务对象，是否确认提交？”
2. 提交成功
",,2,功能测试,功能测试阶段
【0208版本】流程中心,流程发起 数据安全定级流程 异常场景 验证数据安全定级流程(重复性校验拦截),"1) L3业务对象字段数据完整<br>2) 拥有发起权限且当前用户未办结的同流程中, 存在重复L3元素","1. 点击【发起流程】按钮
","1. Toast提示: 请勿重复提交
",,2,功能测试,功能测试阶段
【0208版本】流程中心,流程发起 数据安全定级流程 异常场景 验证数据安全定级流程(完整性校验拦截),拥有发起权限且存在L3业务对象字段数据不完整,"1. 进入【数据安全-数据安全定级流程】表单页面
2. 在【认责数据所属L2业务域】中选择L2并加载L3
3. 检查L3业务对象明细列表
4. 检查L3查询结果
5. 移除非定级目标的L3后, 为剩余L3赋予安全等级
6. 点击【发起流程】
","1. 成功进入
2. 加载成功
3. 列出该L2下所有L3数据责任人 = 当前用户的L3业务对象
4. 1) 查询结果 > 0, L3清单填充该 L2下所有L3
2) 查询结果 = 0, L3清单填充查询结果
5. 配置成功
6. Toast提示: 表单填写校验不通过
",,1,功能测试,功能测试阶段
【0208版本】流程中心,流程发起 数据安全定级流程 异常场景 验证数据安全定级流程(未授权访问拦截),无【数据安全定级流程】发起权限,"1. 进入【流程中心-流程发起】页面
2. 点击【数据安全-数据安全定级流程】二级目录
","1. 进入成功
2. Toast提示: 您不是本流程的发起者,无法进入流程配置表单页面
",,2,功能测试,功能测试阶段
【0208版本】流程中心,流程发起 数据安全定级流程 验证安全备注长度校验,无,"1. 进入【数据安全-数据安全定级流程】表单页面
2. 在【认责数据所属L2业务域】中选择L2并加载L3
3. 在安全备注字段输入超过2000位的文本
4. 点击【发起流程】
5. 修改安全备注为2000位以内的文本
6. 点击【发起流程】
","1. 成功进入表单页面
2. 加载成功
3. 输入成功
4. Toast提示: 安全备注长度不能超过2000位或类似信息,流程无法发起
5. 修改成功
6. 流程发起成功
",,2,功能测试,功能测试阶段
【0208版本】流程中心,流程发起 数据安全定级流程 验证当前安全等级必选校验,拥有【数据安全定级流程】发起权限且对应L2节点下存在当前用户为"数据标准责任人"的L3节点,"1. 进入【数据安全-数据安全定级流程】表单页面
2. 在【认责数据所属L2业务域】中选择一个L2节点并加载L3
3. 不选择当前安全等级, 点击【发起流程】
4. 填写当前安全等级(选择1)
5. 点击【发起流程】
","1. 成功进入表单页面
2. 加载成功
3. 发起失败, 必填提示
4. 填写成功
5. 流程发起成功
",,2,功能测试,功能测试阶段
【0208版本】流程中心,流程发起 数据安全定级流程 验证无匹配L3可定级拦截,拥有发起权限且当前用户在某L2下并无作为"数据标准责任人"的L3节点,"1. 进入【数据安全-数据安全定级流程】表单页面
2. 在【认责数据所属L2业务域】中选择一个L2节点
","1. 成功进入表单页面
2. 1) Toast提示: 无您可定级数据
2) 系统不生成对应的L3明细表单,L3明细列表为空
",,2,功能测试,功能测试阶段
【0208版本】流程中心,流程发起 数据安全定级流程 验证已办结流程可重复发起,拥有【数据安全定级流程】发起权限且存在已办结的数据安全定级流程,"1. 进入【数据安全-数据安全定级流程】表单页面
2. 选择与已办结流程相同的L2节点并加载L3
3. 点击【发起流程】
4. 查看流程列表
","1. 成功进入表单页面
2. 加载成功
3. 流程发起成功
4. 流程列表中新增一条流程记录,与之前的已办结流程独立,互不影响,业务流水号不同
",,2,功能测试,功能测试阶段
【0208版本】流程中心,流程发起 数据安全定级流程 验证表单字段回显完整性,无,"1. 进入【数据安全-数据安全定级流程】表单页面
2. 在【认责数据所属L2业务域】中选择一个L2节点并加载L3
3. 检查L3明细列表回显的字段信息
","1. 成功进入表单页面
2. 加载成功
3. L3字段正确回显,包括: 序号、L3业务对象名称、L3业务对象完整编码、业务对象定义、原安全等级(1/2/3/4/5/未定级)、当前安全等级、安全备注
",,2,功能测试,功能测试阶段
【0208版本】流程中心,流程发起 数据安全定级流程 验证发起数据安全定级流程完整流程,拥有【数据安全定级流程】发起权限且对应L2节点下存在当前用户为"数据标准责任人"的L3节点,"1. 进入【流程中心-流程发起】页面
2. 检查页面展示的流程目录结构
3. 点击【数据安全-数据安全定级流程】二级目录
4. 在【认责数据所属L2业务域】中选择一个L2节点
5. 检查回显的L3明细列表
6. 选择当前安全等级(选择1/2/3/4/5)
7. 填写安全备注
8. 点击【发起流程】按钮
9. 查看流程列表,确认流程已发起
","1. 页面加载正常
2. 展示二层目录结构
3. 成功跳转至数据安全定级流程配置表单页面
4. 选择成功,下拉列表中正确显示所有L2节点
5. 正确列出该L2下所有数据标准责任人=当前用户的L3业务对象明细列表,包含:L3业务对象序号、名称、完整编码、业务对象定义、原安全等级(1/2/3/4/5/未定级)、当前安全等级、安全备注
6. 选择成功
7. 填写成功(非必填, 1-2000位)
8. 流程发起成功,业务流水号格式为AQDJ+8位日期+本日第几个提交的表单
9. 流程列表中新增一条流程记录,流程状态: 审批中
",,1,功能测试,功能测试阶段
【0208版本】流程中心,流程发起 验证L3节点支持选择多选,拥有【数据安全定级流程】发起权限且对应L2节点下存在多个当前用户为"数据标准责任人"的L3节点,"1. 进入【数据安全-数据安全定级流程】表单页面
2. 在【认责数据所属L2业务域】中选择一个L2节点并加载L3
3. 检查L3明细列表中显示的L3数量
4. 为多个L3分别填写当前安全等级
5. 点击【发起流程】按钮
6. 进入流程列表, 查看流程详情
","1. 成功进入表单页面
2. L3节点加载成功
3. L3明细列表中正确显示该L2下所有符合条件的L3节点
4. 填写成功
5. 流程发起成功
6. 流程详情中显示所有已加载的L3节点信息,数量与L2下符合条件的L3数量一致
",,2,功能测试,功能测试阶段
【0208版本】数据目录管理,管理域目录管理 编辑 验证编辑提交(仅存在非目录类流程时不被锁定),存在L3节点G且仅挂接有非目录类未办结流程,"1. 进入【数据目录管理-管理域目录管理】页面
2. 展开至L3层级并找到节点G
3. 点击节点G【编辑】按钮
4. 在弹窗中修改任一合法字段
5. 点击【保存】
","1. 页面加载成功
2. 成功打开L3编辑弹窗
3. 保存时仅在扩展后的目录相关流程范围内进行校验,忽略非目录类流程
4. 因不存在未办结目录相关流程,本次编辑保存成功且无锁定提示
5. 列表及详情中节点G展示为更新后的新值
",,2,功能测试,功能测试阶段
【0208版本】数据目录管理,管理域目录管理 编辑 验证L1/L2/L3编辑(无目录相关流程时编辑成功),存在一组全新目录E1-E2-E3且无任何关联目录相关流程,"1. 进入【数据目录管理-管理域目录管理】页面
2. 依次对L3节点E3、L2节点E2、L1节点E1执行以下操作: 点击对应【编辑】按钮
3. 在弹窗中修改合法字段
4. 点击【保存】
5. 刷新列表并查看相应节点详情
","1. 页面加载成功
2. 各级编辑弹窗均可正常打开
3. 保存时未检测到任何未办结目录相关流程
4. L1/L2/L3各级编辑均保存成功,无锁定提示
5. 列表及详情展示的数据与编辑内容一致
",,2,功能测试,功能测试阶段
【0208版本】数据目录管理,管理域目录管理 编辑 验证L3业务对象编辑(仅存在已办结目录相关流程时允许编辑),存在L3节点F且相关目录类流程均为已办结状态,"1. 进入【数据目录管理-管理域目录管理】页面
2. 展开至L3层级并找到节点F, 点击节点F【编辑】按钮
3. 在弹窗中修改节点名称、英文名称等合法字段
4. 点击【保存】
5. 返回列表并查看节点F详情
","1. 页面加载成功
2. 成功打开L3编辑弹窗
3. 保存时仅检测到已办结目录相关流程,未命中未办结流程
4. 本次编辑保存成功,无锁定提示
5. 列表与详情中节点F信息更新为编辑后的内容
",,2,功能测试,功能测试阶段
【0208版本】数据目录管理,管理域目录管理 编辑 异常场景 验证L1主题域分组编辑(下属L2或L3存在未办结目录相关流程时锁定),存在L1节点E且其下属L2或L3存在未办结目录相关流程,"1. 进入【数据目录管理-管理域目录管理】页面
2. 展开树形结构并找到L1节点E
3. 点击L1节点E【编辑】按钮
4. 在弹窗中修改节点名称或业务数据Owner等合法字段
","1. 页面加载成功
2. 成功打开L1编辑弹窗
3. 保存时检测到下属L2或L3存在未办结目录相关流程
4. Toast提示“存在相关未完成流程,已锁定。”
",,1,功能测试,功能测试阶段
【0208版本】数据目录管理,管理域目录管理 编辑 异常场景 验证L2主题域编辑(子L3存在未办结目录相关流程时锁定),存在L2节点D且其子L3中至少一个挂接有未办结目录相关流程,"1. 进入【数据目录管理-管理域目录管理】页面
2. 展开树形结构并找到L2节点D
3. 点击L2节点D【编辑】按钮
4. 在弹窗中修改节点名称或业务数据负责人等合法字段
","1. 页面加载成功
2. 成功打开L2编辑弹窗
3. 保存时检测到子L3存在未办结目录相关流程
4. Toast提示“存在相关未完成流程,已锁定。”
",,1,功能测试,功能测试阶段
【0208版本】数据目录管理,管理域目录管理 编辑 异常场景 验证L3业务对象编辑(存在未办结主数据识别流程锁定),存在L3节点C且挂接有未办结主数据识别流程,"1. 进入【数据目录管理-管理域目录管理】页面
2. 展开至L3层级并找到节点C
3. 点击节点C【编辑】按钮
4. 在弹窗中修改任一合法字段
","1. 页面加载成功
2. 成功打开L3编辑弹窗
3. 保存时检测到节点C存在未办结主数据识别流程
4. Toast提示“存在相关未完成流程,已锁定。”
",,1,功能测试,功能测试阶段
【0208版本】数据目录管理,管理域目录管理 编辑 异常场景 验证L3业务对象编辑(存在未办结数据源认证流程锁定),存在L3节点B且挂接有未办结数据源认证流程,"1. 进入【数据目录管理-管理域目录管理】页面
2. 展开至L3层级并找到节点B
3. 点击节点B【编辑】按钮
4. 在弹窗中修改任一合法字段
","1. 页面加载成功
2. 成功打开L3编辑弹窗
3. 保存时检测到节点B存在未办结数据源认证流程
4. Toast提示“存在相关未完成流程,已锁定。”
",,1,功能测试,功能测试阶段
【0208版本】数据目录管理,管理域目录管理 编辑 异常场景 验证L3业务对象编辑(存在未办结数据安全定级流程锁定),存在L3节点A且挂接有未办结数据安全定级流程,"1. 进入【数据目录管理-管理域目录管理】页面
2. 展开至L3层级并找到节点A
3. 点击节点A【编辑】按钮
4. 在弹窗中修改任一合法字段
","1. 页面加载成功
2. 成功打开L3编辑弹窗
3. 保存时检测到节点A存在未办结数据安全定级流程
4. Toast提示“存在相关未完成流程,已锁定。”
",,1,功能测试,功能测试阶段
【0127版本】流程中心,流程列表 数据认责流程 验证流程详情页功能正常,无,"1. 进入【流程中心-流程列表】页面
2. 找到一条流程记录, 点击流程标题
3. 检查详情页内容
4. 点击返回或关闭按钮
","1. 页面正常加载
2. 成功跳转至流程详情页面
3. 流程详情页面包含三个部分:办理组件、边栏组件、详情本体(显示基本信息、流程表单、审批记录)
- 基本信息: 流程标题、流程分类、流程发起人、申请时间、流程状态、任务标题、任务状态
- 流程表单: 业务流水号(SJRZ+8位日期+本日第几个提交的表单)、认责数据所属业务域、认责数据信息清单
- 审批记录: 序号、操作人姓名、操作时间、任务标题、操作、意见文本
4. 成功返回流程列表页面
",,2,功能测试,功能测试阶段
【0127版本】流程中心,流程列表 验证流程列表字段显示完整性,无,"1. 进入【流程中心-流程列表】页面
2. 检查列表的表头字段
","1. 页面正常加载
2. 流程标题、流程分类、流程发起人、申请时间、审批节点、审批结果、审批处理时长
",,3,功能测试,功能测试阶段
【0127版本】流程中心,流程列表 验证流程标题搜索功能,无,"1. 进入【流程中心-流程列表】页面
2. 【流程标题】输入内容进行模糊搜索
3. 【流程分类】选择选项进行搜索
4. 检查列表展示的数据
","1. 页面正常加载
2. 搜索成功
3. 搜索成功
4. 【流程标题】和【流程分类】组合搜索为AND逻辑
",,2,功能测试,功能测试阶段
【0127版本】流程中心,流程列表 验证流程口径TAB与列表过滤展示,拥有流程列表及各类口径TAB的菜单权限且系统中存在各口径的流程数据,"1. 进入【流程中心-流程列表】页面
2. 切换【我的流程】TAB
3. 切换【我的待办】TAB
4. 切换【我的已办】TAB
5. 依次切换到【我的待阅】【我的转办】【我的委托】【我的受托】TAB
","1. 默认进入【我的流程】TAB
2. TAB切换成功
3. TAB切换成功
4. TAB切换成功
5. TAB切换成功
",,2,功能测试,功能测试阶段
【0127版本】流程中心,流程发起 数据认责流程 异常场景 验证数据安全定级流程(重复性校验拦截),"1) L3业务对象字段数据完整<br>2) 拥有发起权限且当前用户未办结的同流程中, 存在重复L3元素","1. 点击【发起流程】按钮
","1. Toast提示: 请勿重复提交
",,2,功能测试,功能测试阶段
【0127版本】流程中心,流程发起 数据认责流程 异常场景 验证数据认责流程(完整性校验拦截),拥有发起权限且存在L3业务对象字段存在为null的数据,"1. 进入【数据标准-数据认责流程】表单页面
2. 在【认责数据所属L2业务域】中选择L2并加载L3
3. 检查L3业务对象明细列表
4. 点击【发起流程】
","1. 成功进入
2. 加载成功
3. 列出该L2下所有L3数据责任人 = 当前用户的L3业务对象
4. Toast提示: 信息不完整，请联系管理员确认.
",,1,功能测试,功能测试阶段
【0127版本】流程中心,流程发起 数据认责流程 异常场景 验证数据认责流程(未授权访问拦截),无【数据认责流程】发起权限,"1. 进入【流程中心-流程发起】页面
2. 点击【数据标准-数据认责流程】二级目录
","1. 进入成功
2. Toast提示: 您不是本流程的发起者,无法进入流程配置表单页面
",,1,功能测试,功能测试阶段
【0127版本】流程中心,流程发起 数据认责流程 验证已办结流程可重复发起,拥有【数据认责流程】发起权限且存在已办结的数据认责流程,"1. 进入【数据标准-数据认责流程】表单页面
2. 选择与已办结流程相同的L2节点
3. 在L3节点选择器中选择与已办结流程相同的L3节点
4. 点击【发起流程】
","1. 成功进入表单页面
2. L2节点选择成功
3. L3节点选择成功
4. 1) 流程发起成功
2) 流程列表中新增一条流程记录,与之前的已办结流程独立,互不影响
",,1,功能测试,功能测试阶段
【0127版本】流程中心,流程发起 数据认责流程 验证无匹配L3可认责拦截,拥有发起权限且当前用户在某L2下并无作为"数据标准责任人"的L3节点,"1. 进入【数据标准-数据认责流程】表单页面
2. 在【认责数据所属L2业务域】中选择该L2节点
","1. 成功进入表单页面
2. 1) Toast提示: 无您可认责数据
2) 系统不生成对应的L3明细表单,L3节点选择器为空或不可操作
",,2,功能测试,功能测试阶段
【0127版本】流程中心,流程发起 数据认责流程 验证表单字段回显完整性,无,"1. 进入【数据标准-数据认责流程】表单页面
2. 在【认责数据所属L2业务域】中选择一个L2节点
3. 在L3节点选择器中选择一个L3节点
4. 检查表单回显的所有L3字段信息
","1. 成功进入表单页面
2. L2节点选择成功
3. L3节点选择成功
4. L3字段正确回显,包括: 序号、L3业务对象名称、L3业务对象完整编码、业务对象定义、业务对象数据标准责任人工号
",,2,功能测试,功能测试阶段
【0127版本】流程中心,流程发起 数据认责流程 验证L3节点支持选择多选,拥有【数据认责流程】发起权限且对应L2节点下存在多个当前用户为"数据标准责任人"的L3节点,"1. 进入【数据标准-数据认责流程】表单页面
2. 在【认责数据所属L2业务域】中选择满足前置条件的L2节点
3. 在L3节点选择器中选择多个L3节点, 并加载L3
4. 点击【发起流程】按钮
5. 进入流程列表, 查看流程详情
","1. 成功进入表单页面
2. L2节点选择成功,L3节点选择器中正确显示该L2下所有符合条件的L3节点
3. L3节点选择并加载成功
4. 流程发起成功
5. 流程详情中显示所有已选择的L3节点信息,数量与选择时一致
",,2,功能测试,功能测试阶段
【0127版本】流程中心,流程发起 数据认责流程 验证发起数据认责流程完整流程,拥有【数据认责流程】发起权限且对应L2节点下存在当前用户为"数据标准责任人"的L3节点,"1. 进入【流程中心-流程发起】页面
2. 检查页面展示的流程目录结构
3. 点击【数据标准管理-数据认责流程】二级目录
4. 在【认责数据所属L2业务域】中选择L2节点
5. 选择需要进行认责的L3节点
6. 检查认责数据信息清单
7. 点击【发起流程】按钮
8. 查看流程列表,确认流程已发起
","1. 页面加载正常
2. 展示二层目录结构
3. 成功跳转至数据认责流程配置表单页面
4. 选择成功,下拉列表中正确显示当前用户为数据标准责任人的所有L2节点
5. 1) 选择成功. 至少选择1个,支持多选
2) 仅能选L3,不可选L0-L2
6. 正确列出该L2下所有数据标准责任人= 当前用户的L3业务对象明细列表
7. 流程发起成功
8. 流程列表中新增一条流程记录,流程状态: 审批中
",,1,功能测试,功能测试阶段
【0127版本】数据目录管理,管理域目录管理 导入新建 异常场景 验证导入新建(L3用户不存在),无,"1. 进入【数据目录管理-管理域目录管理】页面
2. 导入模版: 第3行填写数据如下:
   - L1本级编码: A001
   - L1主题域分组名称: 设备管理
   - 业务数据Owner工号: 8088888X
   - L2本级编码: B001
   - L2主题域名称: 设备维修
   - 业务数据负责人工号: 8088888X
   - L3业务对象名称: 设备维修工单
   - L3业务对象英文名称: Equipment_Maintenance_Order
   - L3业务对象英文简称: EMO
   - 业务对象定义: 设备全生命周期管理，包含设备采购、维修、报废等流程
   - 数据标准责任人工号: INVALID003(不存在的工号)
3. 点击【导入新建】上传文件
","1. 页面加载成功
2. 模版创建成功
3. 1) L3校验阶段被拦截,导入结果Toast提示: 导入完成，其中成功0条，识别失败0条，重复0条，L1失败0条，L2失败0条，L3失败1条，其他失败0条
2) 不生成该节点
",,2,功能测试,功能测试阶段
【0127版本】数据目录管理,管理域目录管理 导入新建 异常场景 验证导入新建(L3业务对象名称同级重复),无,"1. 进入【数据目录管理-管理域目录管理】页面
2. 导入模版: 第3行填写数据如下:
   - L1本级编码: A001, L1名称: 设备管理, 业务数据Owner工号: 8088888X
   - L2本级编码: B001, L2名称: 设备维修, 业务数据负责人工号: 8088888X
   - L3名称: 设备维修工单
   第4行填写数据如下:
   - L1本级编码: A001, L1名称: 设备管理, 业务数据Owner工号: 8088888X
   - L2本级编码: B001, L2名称: 设备维修, 业务数据负责人工号: 8088888X
   - L3名称: 设备维修工单(L3名称相同)
3. 点击【导入新建】上传文件
","1. 页面加载成功
2. 模版创建成功
3. 1) L3校验阶段被拦截,导入结果Toast提示: 导入完成，其中成功0条，识别失败0条，重复0条，L1失败0条，L2失败0条，L3失败1条，其他失败0条
2) 不生成该节点
",,2,功能测试,功能测试阶段
【0127版本】数据目录管理,管理域目录管理 导入新建 异常场景 验证导入新建(L3数据标准责任人为空),无,"1. 进入【数据目录管理-管理域目录管理】页面
2. 导入模版: 第3行填写数据如下:
   - L1本级编码: A001, L1名称: 设备管理, 业务数据Owner工号: 8088888X
   - L2本级编码: B001, L2名称: 设备维修, 业务数据负责人工号: 8088888X
   - L3名称: 设备维修工单
   - L3英文名称: Equipment_Maintenance_Order
   - 业务对象定义: 设备全生命周期管理
   (不填写数据标准责任人工号)
3. 点击【导入新建】上传文件
","1. 页面加载成功
2. 模版创建成功
3. 1) L3校验阶段被拦截,导入结果Toast提示: 导入完成，其中成功0条，识别失败0条，重复0条，L1失败0条，L2失败0条，L3失败1条，其他失败0条
2) 不生成该节点
",,2,功能测试,功能测试阶段
【0127版本】数据目录管理,管理域目录管理 导入新建 异常场景 验证导入新建(L3业务对象定义为空),无,"1. 进入【数据目录管理-管理域目录管理】页面
2. 导入模版: 第3行填写数据如下:
   - L1本级编码: A001, L1名称: 设备管理, 业务数据Owner工号: 8088888X
   - L2本级编码: B001, L2名称: 设备维修, 业务数据负责人工号: 8088888X
   - L3名称: 设备维修工单
   - L3英文名称: Equipment_Maintenance_Order
   (不填写业务对象定义)
3. 点击【导入新建】上传文件
","1. 页面加载成功
3. 1) L3校验阶段被拦截,导入结果Toast提示: 导入完成，其中成功0条，识别失败0条，重复0条，L1失败0条，L2失败0条，L3失败1条，其他失败0条
2) 不生成该节点
",,2,功能测试,功能测试阶段
【0127版本】数据目录管理,管理域目录管理 导入新建 异常场景 验证导入新建(L3英文名称超200位),无,"1. 进入【数据目录管理-管理域目录管理】页面
2. 导入模版: 第3行填写数据如下:
   - L1本级编码: A001, L1名称: 设备管理, 业务数据Owner工号: 8088888X
   - L2本级编码: B001, L2名称: 设备维修, 业务数据负责人工号: 8088888X
   - L3名称: 设备维修工单
   - L3英文名称: Equipment_Maintenance_Order_With_Very_Long_Name_Exceeding_200_Characters_Limit_For_Testing_Purpose_Only_This_Is_A_Test_String_To_Validate_The_Maximum_Length_Constraint_Implementation_And_Behavior_In_The_Application_System
3. 点击【导入新建】上传文件
","1. 页面加载成功
2. 模版创建成功
3. 1) L3校验阶段被拦截,导入结果Toast提示: 导入完成，其中成功0条，识别失败0条，重复0条，L1失败0条，L2失败0条，L3失败1条，其他失败0条
2) 不生成该节点
",,2,功能测试,功能测试阶段
【0127版本】数据目录管理,管理域目录管理 导入新建 异常场景 验证导入新建(L3英文名称为空),无,"1. 进入【数据目录管理-管理域目录管理】页面
2. 导入模版: 第3行填写数据如下:
   - L1本级编码: A001, L1名称: 设备管理, 业务数据Owner工号: 8088888X
   - L2本级编码: B001, L2名称: 设备维修, 业务数据负责人工号: 8088888X
   - L3名称: 设备维修工单
   (不填写L3英文名称)
3. 点击【导入新建】上传文件
","1. 页面加载成功
2. 模版创建成功
3. 1) L3校验阶段被拦截,导入结果Toast提示: 导入完成，其中成功0条，识别失败0条，重复0条，L1失败0条，L2失败0条，L3失败1条，其他失败0条
2) 不生成该节点
",,2,功能测试,功能测试阶段
【0127版本】数据目录管理,管理域目录管理 导入新建 异常场景 验证导入新建(L2用户不存在),无,"1. 进入【数据目录管理-管理域目录管理】页面
2. 导入模版: 第3行填写数据如下:
   - L1本级编码: A001
   - L1主题域分组名称: 设备管理
   - L2本级编码: B001
   - L2主题域名称: 设备维修
   - 业务数据负责人工号: INVALID002(不存在的工号)
3. 点击【导入新建】上传文件
","1. 页面加载成功
2. 模版创建成功
3. 1) L2校验阶段被拦截,导入结果Toast提示: 导入完成，其中成功0条，识别失败0条，重复0条，L1失败0条，L2失败1条，L3失败0条，其他失败0条
2) 不生成该节点
",,2,功能测试,功能测试阶段
【0127版本】数据目录管理,管理域目录管理 导入新建 异常场景 验证导入新建(L2名称同级重复),无,"1. 进入【数据目录管理-管理域目录管理】页面
2. 导入模版: 第3行填写数据如下:
   - L1本级编码: A001, L1名称: 设备管理, 业务数据Owner工号: 8088888X
   - L2本级编码: B001, L2名称: 设备维修
   第4行填写数据如下:
   - L1本级编码: A001, L1名称: 设备管理, 业务数据Owner工号: 8088888X
   - L2本级编码: B002, L2名称: 设备维修(与第3行L2名称相同)
3. 点击【导入新建】上传文件
","1. 页面加载成功
2. 模版创建成功
3. 1) L2校验阶段被拦截,导入结果Toast提示: 导入完成，其中成功0条，识别失败0条，重复0条，L1失败0条，L2失败1条，L3失败0条，其他失败0条
2) 不生成重复节点
",,2,功能测试,功能测试阶段
【0127版本】数据目录管理,管理域目录管理 导入新建 异常场景 验证导入新建(L2本级编码同级重复),无,"1. 进入【数据目录管理-管理域目录管理】页面
2. 导入模版: 第3行填写数据如下:
   - L1本级编码: A001, L1名称: 设备管理, 业务数据Owner工号: 8088888X
   - L2本级编码: B001, L2名称: 设备维修, 业务数据负责人工号: 8088888X
   第4行填写数据如下:
   - L1本级编码: A001, L1名称: 设备管理, 业务数据Owner工号: 8088888X
   - L2本级编码: B001, L2名称: 设备维修, 业务数据负责人工号: 8088888X
   (L1本级编码和L2本级编码完全相同)
3. 点击【导入新建】上传文件
","1. 页面加载成功
2. 模版创建成功
3. 1) L2校验阶段被拦截(去重步骤),导入结果Toast提示: 导入完成，其中成功1条，识别失败0条，重复1条，L1失败0条，L2失败0条，L3失败0条，其他失败0条
2) 只生成一个L2节点，不生成重复节点
",,2,功能测试,功能测试阶段
【0127版本】数据目录管理,管理域目录管理 导入新建 异常场景 验证导入新建(业务数据负责人为空),无,"1. 进入【数据目录管理-管理域目录管理】页面
2. 导入模版: 第3行填写数据如下:
   - L1本级编码: A001, L1名称: 设备管理, 业务数据Owner工号: 8088888X
   - L2本级编码: B001, L2名称: 设备维修
   (不填写业务数据负责人工号)
3. 点击【导入新建】上传文件
","1. 页面加载成功
2. 模版创建成功
3. 1) L2校验阶段被拦截,导入结果Toast提示: 导入完成，其中成功0条，识别失败0条，重复0条，L1失败0条，L2失败1条，L3失败0条，其他失败0条
2) 不生成该节点
",,2,功能测试,功能测试阶段
【0127版本】数据目录管理,管理域目录管理 导入新建 异常场景 验证导入新建(L2本级编码为空),无,"1. 进入【数据目录管理-管理域目录管理】页面
2. 导入模版: 第3行填写数据如下:
   - L1本级编码: A001, L1名称: 设备管理, 业务数据Owner工号: 8088888X
   - L2本级编码为空, L2名称: 测试主题域
3. 点击【导入新建】上传文件
","1. 页面加载成功
2. 模版创建成功
3. 1) L2校验阶段被拦截,导入结果Toast提示: 导入完成，其中成功0条，识别失败0条，重复0条，L1失败0条，L2失败1条，L3失败0条，其他失败0条
2) 不生成该节点
",,2,功能测试,功能测试阶段
【0127版本】数据目录管理,管理域目录管理 导入新建 异常场景 验证导入新建(L2名称为空),无,"1. 进入【数据目录管理-管理域目录管理】页面
2. 导入模版: 第3行填写数据如下:
   - L1本级编码: A001, L1名称: 设备管理, 业务数据Owner工号: 8088888X
   - L2本级编码: B001
   (L2名称留空)
3. 点击【导入新建】上传文件
","1. 页面加载成功
2. 模版创建成功
3. 1) L2校验阶段被拦截,导入结果Toast提示: 导入完成，其中成功0条，识别失败0条，重复0条，L1失败0条，L2失败1条，L3失败0条，其他失败0条
2) 不生成该节点
",,2,功能测试,功能测试阶段
【0127版本】数据目录管理,管理域目录管理 导入新建 异常场景 验证导入新建(L1名称同级重复),无,"1. 进入【数据目录管理-管理域目录管理】页面
2. 导入模版: 第3行填写数据如下:
   - L1本级编码: A001, L1名称: 设备管理, 业务数据Owner工号: 8088888X
   第4行填写数据如下:
   - L1本级编码: A001, L1名称: 设备管理, 业务数据Owner工号: 8088888X
   (L1本级编码和L1名称完全相同)
3. 点击【导入新建】上传文件
","1. 页面加载成功
2. 模版创建成功
3. 1) L1校验阶段被拦截(去重步骤),导入结果Toast提示: 导入完成，其中成功1条，识别失败0条，重复1条，L1失败0条，L2失败0条，L3失败0条，其他失败0条
2) 只生成一个L1节点，不生成重复节点
",,2,功能测试,功能测试阶段
【0127版本】数据目录管理,管理域目录管理 导入新建 异常场景 验证导入新建(L1用户不存在),无,"1. 进入【数据目录管理-管理域目录管理】页面
2. 导入模版: 第3行填写数据如下:
   - L1本级编码: A001
   - L1主题域分组名称: 设备管理
   - 业务数据Owner工号: INVALID001(不存在的工号)
3. 点击【导入新建】上传文件
","1. 页面加载成功
2. 模版创建成功
3. 1) L1校验阶段被拦截,导入结果Toast提示: 导入完成，其中成功0条，识别失败0条，重复0条，L1失败1条，L2失败0条，L3失败0条，其他失败0条
2) 不生成该节点
",,2,功能测试,功能测试阶段
【0127版本】数据目录管理,管理域目录管理 导入新建 异常场景 验证导入新建(业务Owner为空),无,"1. 进入【数据目录管理-管理域目录管理】页面
2. 导入模版: 第3行填写数据如下:
   - L1本级编码: A001, L1名称: 测试主题域, 业务数据Owner工号留空
3. 点击【导入新建】上传文件
","1. 页面加载成功
2. 模版创建成功
3. 1) L1校验阶段被拦截,导入结果Toast提示: 导入完成，其中成功0条，识别失败0条，重复0条，L1失败1条，L2失败0条，L3失败0条，其他失败0条
2) 不生成该节点
",,2,功能测试,功能测试阶段
【0127版本】数据目录管理,管理域目录管理 导入新建 异常场景 验证导入新建(L1本级编码为空),无,"1. 进入【数据目录管理-管理域目录管理】页面
2. 导入模版: 第3行填写数据如下:
   - L1名称: 测试主题域, 业务数据Owner工号: 8088888X
   (L1本级编码留空)
3. 点击【导入新建】上传文件
","1. 页面加载成功
2. 模版创建成功
3. 1) L1校验阶段被拦截,导入结果Toast提示: 导入完成，其中成功0条，识别失败0条，重复0条，L1失败1条，L2失败0条，L3失败0条，其他失败0条
2) 不生成该节点
",,2,功能测试,功能测试阶段
【0127版本】数据目录管理,管理域目录管理 导入新建 异常场景 验证导入新建(L1名称为空),无,"1. 进入【数据目录管理-管理域目录管理】页面
2. 导入模版: 第3行填写数据如下:
   - L1本级编码: A001, 业务数据Owner工号: 8088888X
   (L1名称留空)
3. 点击【导入新建】上传文件
","1. 页面加载成功
2. 模版创建成功
3. 1) L1校验阶段被拦截,导入结果Toast提示: 导入完成，其中成功0条，识别失败0条，重复0条，L1失败1条，L2失败0条，L3失败0条，其他失败0条
2) 不生成该节点
",,2,功能测试,功能测试阶段
【0127版本】数据目录管理,管理域目录管理 导入新建 异常场景 验证导入新建(基于编号去重过滤失效),无,"1. 进入【数据目录管理-管理域目录管理】页面
2. 导入模版: 第3行填写L1本级编码=A001,L1名称=设备管理,业务数据Owner工号=8088888X
            第4行填写L1本级编码=A001,L1名称=设备管理,业务数据Owner工号=8088888X
3. 点击【导入新建】上传文件
","1. 页面加载成功
2. 模版创建成功
3. 1) 只保留第一条入库,导入结果Toast提示: 导入完成，其中成功1条，识别失败0条，重复1条，L1失败0条，L2失败0条，L3失败0条，其他失败0条
2) 只生成一个L1节点，不生成重复节点
",,2,功能测试,功能测试阶段
【0127版本】数据目录管理,管理域目录管理 导入新建 异常场景 验证导入新建(行记录分层识别失败),无,"1. 进入【数据目录管理-管理域目录管理】页面
2. 导入模版: 第3行仅填写L1本级编码=A001，不填写L1名称、业务数据Owner工号、L2/L3相关字段
3. 点击【导入新建】上传文件
","1. 页面加载成功
2. 模版创建成功
3. 导入结果Toast提示: 导入完成，其中成功0条，识别失败1条，重复0条，L1失败0条，L2失败0条，L3失败0条，其他失败0条
",,2,功能测试,功能测试阶段
【0127版本】数据目录管理,管理域目录管理 导入新建 异常场景 验证导入新建(超量数据导致阻断),无,"1. 进入【数据目录管理-管理域目录管理】页面
2. 导入模版: 构造超5000+行数据
3. 点击【导入新建】上传文件
","1. 页面加载成功
2. 模版创建成功
3. 弹窗提示: '超出导入记录上限, 最多导入5000条数据'
",,2,功能测试,功能测试阶段
【0127版本】数据目录管理,管理域目录管理 导入新建 异常场景 验证导入新建(表头错误识别失败),无,"1. 进入【数据目录管理-管理域目录管理】页面
2. 导入模版: 将标准模板的第一列表头L1主题域分组名称修改为L1名称
3. 点击【导入新建】上传文件
","1. 页面加载成功
2. 模版创建成功
3. 弹窗提示: 模板解析失败
",,2,功能测试,功能测试阶段
【0127版本】数据目录管理,管理域目录管理 导入新建 验证导入新建功能正常(合法L1/L2/L3混导),获取并整理有效导入模板,"1. 进入【数据目录管理-管理域目录管理】页面
2. 导入模版准备如下数据:
   第3行(L1数据): L1主题域分组名称=设备管理, L1本级编码=A001,  业务数据Owner工号=8088888X
   第4行(L2数据): L1本级编码=A001, L2本级编码=B001, L2主题域名称=设备维修, 业务数据负责人工号=8088888X
   第5行(L3数据): L1本级编码=A001, L2本级编码=B001, L3业务对象名称=设备维修工单, L3业务对象英文名称=Equipment_Maintenance_Order, L3业务对象英文简称=EMO, 业务对象定义=设备全生命周期管理，包含设备采购、维修、报废等流程, 数据标准责任人工号=8088888X
3. 点击【导入新建】上传文件
4. 在列表中展开管理域节点，检查是否成功创建了L1、L2、L3三个节点
","1. 页面加载成功
2. 模版创建成功
3. Toast提示: 导入完成，其中成功3条，识别失败0条，重复0条，L1失败0条，L2失败0条，L3失败0条，其他失败0条
4. 1) 列表中成功创建了L1节点设备管理、L2节点设备维修、L3节点设备维修工单
2) 层级关系正确: 管理域 > 设备管理 > 设备维修 > 设备维修工单
",,1,功能测试,功能测试阶段
【0127版本】数据目录管理,管理域目录管理 下载模版 验证导入模板下载验证,无,"1. 进入【数据目录管理-管理域目录管理】页面
2. 点击页面上的【下载模板】按钮
3. 检查模版文件内容
","1. 页面加载成功
2. 模板成功下载到本地
3. 文件表头及批注校验显示正确
",,1,功能测试,功能测试阶段
【0127版本】数据目录管理,管理域目录管理 详情 验证L3业务对象详情-详情按钮,拥有管理域目录管理页面访问权限且存在L3节点数据,"1. 进入【数据目录管理-管理域目录管理】页面
2. 在列表中找到L3层级节点
3. 点击L3节点的【详情】按钮
4. 点击返回或返回上层按钮关闭详情
","1. 页面加载成功
2. 成功展开L3业务对象详情
3. 详情页正常显示各字段信息
4. 关闭成功
",,1,功能测试,功能测试阶段
【0127版本】数据目录管理,管理域目录管理 编辑 异常场景 验证L3业务对象编辑(存在认责表单锁定),选中具有且关联未办结认责流程的L3节点,"1. 进入【数据目录管理-管理域目录管理】页面
2. 点击L3节点的编辑操作
3. 进入编辑状态并执行随意的保存修改
","1. 页面加载成功
2. 成功打开L3编辑弹窗
3. 弹窗提示:存在相关未完成流程,已锁定。
",,2,功能测试,功能测试阶段
【0127版本】数据目录管理,管理域目录管理 编辑 异常场景 验证L3业务对象编辑(电厂Owner组织机构重复),无,"1. 进入【数据目录管理-管理域目录管理】页面
2. 点击L3节点的编辑操作
3. 手动添加两名归属于同一组织机构的数据Owner
4. 尝试点击保存
","1. 页面加载成功
2. 成功打开L3编辑弹窗
3. 可添加归属于同一组织机构的数据Owner
4. 弹窗提示:组织机构重复,每个组织只能有1个数据Owner
",,2,功能测试,功能测试阶段
【0127版本】数据目录管理,管理域目录管理 编辑 异常场景 验证L3业务对象编辑(电厂Owner超量),无,"1. 进入【数据目录管理-管理域目录管理】页面
2. 点击L3节点的编辑操作
3. 累计添加超过99个电厂侧数据Owner
4. 尝试点击保存
","1. 页面加载成功
2. 成功打开L3编辑弹窗
3. 电厂侧数据Owner清单可添加超过99个
4. 弹窗提示:单个节点最多允许99个数据Owner
",,2,功能测试,功能测试阶段
【0127版本】数据目录管理,管理域目录管理 编辑 异常场景 验证L3业务对象编辑(业务对象定义错误),无,"1. 进入【数据目录管理-管理域目录管理】页面
2. 点击L3节点的编辑操作
3. 将业务对象定义置空或输入长于2000字的文本
4. 点击保存
","1. 页面加载成功
2. 成功打开L3编辑弹窗
3. 业务对象定义字段为空或大于2000位
4. 弹窗提示:'请填写1-2000位业务对象定义说明文本'
",,2,功能测试,功能测试阶段
【0127版本】数据目录管理,管理域目录管理 编辑 异常场景 验证L3业务对象编辑(数据标准责任人为空),无,"1. 进入【数据目录管理-管理域目录管理】页面
2. 点击L3节点的编辑操作
3. 清空数据标准责任人
4. 点击保存
","1. 页面加载成功
2. 成功打开L3编辑弹窗
3. 数据标准责任人字段为空
4. 弹窗提示:数据标准责任人不能为空,请选择人员
",,2,功能测试,功能测试阶段
【0127版本】数据目录管理,管理域目录管理 编辑 异常场景 验证L3业务对象编辑(业务对象英文简称超长),无,"1. 进入【数据目录管理-管理域目录管理】页面
2. 点击L3节点的编辑操作
3. 将英文简称输入超过200位的字符内容
4. 点击保存
","1. 页面加载成功
2. 成功打开L3编辑弹窗
3. 业务对象英文简称输入框可输入超过200位
4. 弹窗提示:'业务对象英文简称应小于200位。'
",,2,功能测试,功能测试阶段
【0127版本】数据目录管理,管理域目录管理 编辑 异常场景 验证L3业务对象编辑(业务对象英文名称错误),无,"1. 进入【数据目录管理-管理域目录管理】页面
2. 点击L3节点的编辑操作
3. 将英文名称内容完全置空或输入大于200位的长度
4. 点击保存
","1. 页面加载成功
2. 成功打开L3编辑弹窗
3. 业务对象英文名称字段为空或大于200位
4. 弹窗提示:'业务对象英文名称必填,1-200位。'
",,2,功能测试,功能测试阶段
【0127版本】数据目录管理,管理域目录管理 编辑 异常场景 验证L3业务对象编辑(节点名称同级重复),无,"1. 进入【数据目录管理-管理域目录管理】页面
2. 点击L3节点的编辑操作
3. 节点名称填写同一L2父级下已经存在的名称
4. 点击保存
","1. 页面加载成功
2. 成功打开L3编辑弹窗
3. 节点名称输入框可输入同级已存在名称
4. 弹窗提示:节点名称必填,1-200位,且同一父级下不可重复。
",,2,功能测试,功能测试阶段
【0127版本】数据目录管理,管理域目录管理 编辑 异常场景 验证L3业务对象编辑(节点名称超200位),无,"1. 进入【数据目录管理-管理域目录管理】页面
2. 点击L3节点的编辑操作
3. 节点名称输入超过200位的字符
4. 点击保存
","1. 页面加载成功
2. 成功打开L3编辑弹窗
3. 节点名称输入框可输入超过200位
4. 弹窗提示:节点名称必填,1-200位,且同一父级下不可重复。
",,2,功能测试,功能测试阶段
【0127版本】数据目录管理,管理域目录管理 编辑 异常场景 验证L3业务对象编辑(节点名称为空),无,"1. 进入【数据目录管理-管理域目录管理】页面
2. 点击L3节点的编辑操作
3. 节点名称置空
4. 点击保存
","1. 页面加载成功
2. 成功打开L3编辑弹窗
3. 节点名称字段为空
4. 弹窗提示:节点名称必填,1-200位,且同一父级下不可重复。
",,2,功能测试,功能测试阶段
【0127版本】数据目录管理,管理域目录管理 编辑 验证L3业务对象编辑功能正常(业务对象定义2000位边界值),无,"1. 进入【数据目录管理-管理域目录管理】页面
2. 点击L3节点的编辑操作
3. 输入恰好2000位的业务对象定义
4. 点击保存
","1. 页面加载成功
2. 成功打开L3编辑弹窗
3. 业务对象定义字段可输入2000位
4. 点击保存成功,数据正常提交
",,3,功能测试,功能测试阶段
【0127版本】数据目录管理,管理域目录管理 编辑 验证L3业务对象编辑功能正常(英文简称199位边界值),无,"1. 进入【数据目录管理-管理域目录管理】页面
2. 点击L3节点的编辑操作
3. 输入恰好199位的英文简称
4. 点击保存
","1. 页面加载成功
2. 成功打开L3编辑弹窗
3. 业务对象英文简称字段可输入199位
4. 点击保存成功,数据正常提交
",,3,功能测试,功能测试阶段
【0127版本】数据目录管理,管理域目录管理 编辑 验证L3业务对象编辑功能正常(英文名称200位边界值),无,"1. 进入【数据目录管理-管理域目录管理】页面
2. 点击L3节点的编辑操作
3. 输入恰好200位的英文名称
4. 点击保存
","1. 页面加载成功
2. 成功打开L3编辑弹窗
3. 业务对象英文名称字段可输入200位
4. 点击保存成功,数据正常提交
",,3,功能测试,功能测试阶段
【0127版本】数据目录管理,管理域目录管理 编辑 验证L3业务对象编辑功能正常,拥有编辑权限且选择L3节点进行编辑,"1. 进入【数据目录管理-管理域目录管理】页面
2. 点击L3节点的编辑操作
3. 填写合法节点名称(1-200位)及英文名称(1-200位)
4. 填写合法的英文简称(小于200位)
5. 设定有效的数据标准责任人
6. 填写正确的业务对象定义(1-2000位)
7. 配置电厂侧数据Owner清单(不重复组织且数量<=99)
8. 点击保存
","1. 页面加载成功
2. 成功打开L3编辑弹窗
3. 1) 节点名称输入框可正常输入(1-200位)
2) 业务对象英文名称输入框可正常输入(1-200位)
4. 业务对象英文简称输入框可正常输入(小于200位)
5. 数据标准责任人人员选择器可正常选择
6. 业务对象定义输入框可正常输入(1-2000位)
7. 电厂侧数据Owner清单可正常配置(不重复组织且数量<=99)
8. 保存成功,当前L3节点的各个字段更新并持久化至列表及详情
",,1,功能测试,功能测试阶段
【0127版本】数据目录管理,管理域目录管理 编辑 异常场景 验证L2主题域编辑(节点名称同级重复),无,"1. 进入【数据目录管理-管理域目录管理】页面
2. 点击L2节点的【编辑】按钮
3. 输入同一级别下已存在的L2节点名称
4. 点击保存
","1. 页面加载成功
2. 成功打开L2编辑弹窗
3. L2节点名称输入框可输入同级已存在名称
4. 弹窗提示:节点名称必填,1-20位,且同一父级下不可重复。
",,2,功能测试,功能测试阶段
【0127版本】数据目录管理,管理域目录管理 编辑 异常场景 验证L2主题域编辑(节点名称超20位),无,"1. 进入【数据目录管理-管理域目录管理】页面
2. 点击L2节点的【编辑】按钮
3. 输入超过20位的L2节点名称
4. 点击保存
","1. 页面加载成功
2. 成功打开L2编辑弹窗
3. L2节点名称输入框可输入超过20位
4. 弹窗提示:节点名称必填,1-20位,且同一父级下不可重复。
",,2,功能测试,功能测试阶段
【0127版本】数据目录管理,管理域目录管理 编辑 异常场景 验证L2主题域编辑(节点名称为空),无,"1. 进入【数据目录管理-管理域目录管理】页面
2. 点击L2节点的【编辑】按钮
3. 将L2节点名称置空
4. 点击保存
","1. 页面加载成功
2. 成功打开L2编辑弹窗
3. L2节点名称字段为空
4. 弹窗提示:节点名称必填,1-20位,且同一父级下不可重复。
",,2,功能测试,功能测试阶段
【0127版本】数据目录管理,管理域目录管理 编辑 异常场景 验证L2主题域编辑(存在认责表单锁定),选择一个关联有未完成认责表单的L2节点,"1. 进入【数据目录管理-管理域目录管理】页面
2. 点击L2节点的【编辑】按钮
3. 尝试对该L2节点修改内容并点击保存
","1. 页面加载成功
2. 成功打开L2编辑弹窗
3. 弹窗提示:存在相关未完成流程,已锁定。
",,2,功能测试,功能测试阶段
【0127版本】数据目录管理,管理域目录管理 编辑 异常场景 验证L2主题域编辑(本部业务主管部门为空),打开L2编辑弹窗并选用多组织对应人员,"1. 进入【数据目录管理-管理域目录管理】页面
2. 点击L2节点的【编辑】按钮
3. 触发多组织机构下拉框
4. 不选择有效组织机构(置空)
5. 点击保存
","1. 页面加载成功
2. 成功打开L2编辑弹窗
3. 触发多组织机构下拉框
4. 组织机构字段为空
5. 弹窗提示:'本部业务主管部门不可为空'
",,2,功能测试,功能测试阶段
【0127版本】数据目录管理,管理域目录管理 编辑 异常场景 验证L2主题域编辑(业务数据负责人为空),无,"1. 进入【数据目录管理-管理域目录管理】页面
2. 点击L2节点的【编辑】按钮
3. 清空业务数据负责人选择
4. 点击保存
","1. 页面加载成功
2. 成功打开L2编辑弹窗
3. 业务数据负责人字段为空
4. 弹窗提示:业务数据负责人不能为空,请选择人员
",,2,功能测试,功能测试阶段
【0127版本】数据目录管理,管理域目录管理 编辑 验证L2主题域编辑(多组织机构选择),"拥有编辑权限且选择L2节点进行编辑,该节点业务数据负责人绑定多个组织机构","1. 进入【数据目录管理-管理域目录管理】页面
2. 点击L2节点的【编辑】按钮
3. 选择一个绑定多个组织机构的业务数据负责人
4. 系统显示组织机构下拉框
5. 在下拉框中选择一个组织机构
6. 点击保存
","1. 页面加载成功
2. 成功打开L2编辑弹窗
3. 绑定多个组织机构的用户可被选择
4. 系统自动显示组织机构下拉框
5. 在下拉框中选择一个组织机构
6. 保存成功,列表数据更新生效
",,1,功能测试,功能测试阶段
【0127版本】数据目录管理,管理域目录管理 编辑 验证L2主题域编辑功能正常,拥有编辑权限且选择L2节点进行编辑,"1. 进入【数据目录管理-管理域目录管理】页面
2. 点击L2节点的【编辑】按钮
3. 填写正确唯一的L2节点名称(1-20位)及排序
4. 选择有效的业务数据负责人(通过人员选择器)
5. 系统自动回显该负责人的组织机构(本部业务主管部门)
6. 点击保存
","1. 页面加载成功
2. 成功打开L2编辑弹窗
3. L2节点名称输入框可正常输入
4. 业务数据负责人人员选择器可正常选择
5. 系统自动回显该负责人的组织机构(本部业务主管部门)
6. 保存成功,列表页及对应L2节点数据更新为编辑后的内容
",,1,功能测试,功能测试阶段
【0127版本】数据目录管理,管理域目录管理 编辑 异常场景 验证L1主题域分组编辑(存在认责表单锁定),选择一个关联有未完成的认责表单(关联当前节点或其子节点)的L1节点,"1. 进入【数据目录管理-管理域目录管理】页面
2. 点击L1节点的【编辑】按钮
3. 点击该L1节点的【编辑】按钮弹出窗体
4. 点击保存
","1. 页面加载成功
2. 成功打开L1编辑弹窗
3. 成功打开L1编辑弹窗
4. 弹窗提示:存在相关未完成流程,已锁定。
",,2,功能测试,功能测试阶段
【0127版本】数据目录管理,管理域目录管理 编辑 异常场景 验证L1主题域分组编辑(节点名称同级重复),无,"1. 进入【数据目录管理-管理域目录管理】页面
2. 点击L1节点的【编辑】按钮
3. 输入同一级别下已存在的节点名称
4. 点击保存
","1. 页面加载成功
2. 成功打开L1编辑弹窗
3. 节点名称输入框可输入已存在的名称
4. 弹窗提示:节点名称必填,1-20位,且同一父级下不可重复。
",,2,功能测试,功能测试阶段
【0127版本】数据目录管理,管理域目录管理 编辑 异常场景 验证L1主题域分组编辑(节点名称超20位),无,"1. 进入【数据目录管理-管理域目录管理】页面
2. 点击L1节点的【编辑】按钮
3. 输入超过20位的节点名称
4. 点击保存
","1. 页面加载成功
2. 成功打开L1编辑弹窗
3. 输入成功
4. 弹窗提示:节点名称必填,1-20位,且同一父级下不可重复。
",,2,功能测试,功能测试阶段
【0127版本】数据目录管理,管理域目录管理 编辑 异常场景 验证L1主题域分组编辑(节点名称为空),拥有编辑权限且选择L1节点进入编辑页面,"1. 进入【数据目录管理-管理域目录管理】页面
2. 点击L1节点的【编辑】按钮
3. 将节点名称置空
4. 点击保存
","1. 页面加载成功
2. 成功打开L1编辑弹窗
3. 节点名称字段为空
4. 弹窗提示:节点名称必填,1-20位,且同一父级下不可重复。
",,2,功能测试,功能测试阶段
【0127版本】数据目录管理,管理域目录管理 编辑 异常场景 验证L1主题域分组编辑(业务数据Owner为空),拥有编辑权限且选择L1节点进入编辑页面,"1. 进入【数据目录管理-管理域目录管理】页面
2. 点击L1节点的【编辑】按钮
3. 清空业务数据Owner人员选择项
4. 点击保存
","1. 页面加载成功
2. 成功打开L1编辑弹窗
3. 业务数据Owner字段为空
4. 弹窗提示:业务数据负责人不能为空,请选择人员
",,2,功能测试,功能测试阶段
【0127版本】数据目录管理,管理域目录管理 编辑 验证L1主题域分组编辑功能正常,拥有编辑权限且选择L1节点进入编辑页面,"1. 进入【数据目录管理-管理域目录管理】页面
2. 点击L1节点的【编辑】按钮
3. 填写正确且唯一的节点名称(1-20位)
4. 填写正确的排序值
5. 选择有效的业务数据Owner(通过人员选择器)
6. 点击保存
","1. 页面加载成功
2. 成功打开L1编辑弹窗
3. 节点名称输入框可正常输入
4. 排序值可通过加减符号正常控制
5. 业务数据Owner人员选择器可正常选择
6. 保存成功,列表页及对应L1节点数据更新为编辑后的内容
",,1,功能测试,功能测试阶段
【0127版本】数据目录管理,管理域目录管理 验证搜索-边界测试-超长字符串,无,"1. 进入【数据目录管理-管理域目录管理】页面
2. 在搜索框输入1000+字符的字符串
3. 点击搜索
","1. 页面加载成功
2. 搜索框可正常输入
3. 搜索成功
",,3,功能测试,功能测试阶段
【0127版本】数据目录管理,管理域目录管理 列表展示及L0固化验证,1. 拥有【管理域目录管理】权限<br>2. 存在至少一条管理域L0数据及下属数据,"1. 进入【数据目录管理-管理域目录管理】页面
2. 检查页面顶部同步时间和立即同步按钮
3. 检查列表表头隐藏与新增字段
4. 检查L0节点管理域的操作权限
5. 点击L0节点的展开/收起图标查看所有子节点
6. 在搜索框输入跨层级节点名称进行模糊搜索
7. 检查排序字段顺序
","1. 页面加载成功
2. 同步时间及立即同步按钮已隐藏不再显示
3. 列表表头隐藏标准责任人姓名、工号字段，新增显示完整编码字段
4. L0节点固定为一条(管理域，本级编码='M')，且不允许新增、不允许编辑
5. 树形结构默认收起至顶级，支持点击展开/收起，数据列表无数据隔离可查全量数据
6. 搜索无字符长度/类型限制，展示搜索结果及数量统计
7. 列表严格按照'排序'字段顺序排列
",,1,功能测试,功能测试阶段
【0127版本】数据目录管理,管理域目录管理 验证菜单入口与页面标题,无,"1. 检查左侧菜单导航结构
2. 进入页面后检查页面标题/面包屑
","1. 菜单显示为：数据目录管理 > 管理域目录管理（原数据货架管理 > 数据目录管理入口已移除）
2. 面包屑及页面标题正确显示：数据目录管理 / 管理域目录管理
",,3,功能测试,功能测试阶段
【0111版本】数据质量,质量知识库 操作 验证点击删除,无,"1. 点击删除，二次确认‘是否确认删除？本操作不可撤回‘ 点击确定
2. 删除成功后
","1. 删除成功，列表-1
2. 规则相关的附件删除
",,1,功能测试,功能测试阶段
【0111版本】数据质量,质量知识库 操作 验证点击编辑按钮,无,"1. 点击编辑
2. 知识条目基本信息：知识条目名称、关联表名、关联系统、知识条目状态、知识条目类型、关联质量规则、描述
3. 文档附件
4. 编辑时所以字段均正确填写，点击保存
5. 再次点击编辑
6. 点击灰层或返回按钮，二次确认‘是否确认关闭，未提交内容将不会被保存’，点击确认
","1. 成功以抽屉式弹窗唤出新建条目页面
2. 支持修改，校验规则同新增
3. 支持移除，重新上传，校验规则同新增
4. 保存成功，查看列表及详情、已经被引用的地方，修改字段值同步更新
5. 成功回显上传编辑成功的内容
6. 关闭成功，返回列表页，编辑内容不会保存
",,1,功能测试,功能测试阶段
【0111版本】数据质量,质量知识库 操作 新增 验证新增-附件移除,无,"1. 点击【移除】
2. 删除成功后，如不足10个还支持重新上传
","1. 成功删除已上传的文件，列表-1
2. 上传成功
",,1,功能测试,功能测试阶段
【0111版本】数据质量,质量知识库 操作 新增 验证新增-附件上传,无,"1. 同一知识条目上传大于10个
2. 同一知识条目上传小于等于10个附件
3. 上传文件格式支持.pdf/ .xls/ .xlsx/ .doc/ .docx/ .ppt/ .pptx，且单文件≤100 MB
4. 上传格式非.pdf/ .xls/ .xlsx/ .doc/ .docx/ .ppt/ .pptx格式
5. 上传单文件大小>100MB
","1. 无法上传，提示
2. 上传成功，附件列表同步更新
3. 上传成功
4. 上传失败，提示格式不正确
5. 上传失败，提示：单文件大小>100MB
",,1,功能测试,功能测试阶段
【0111版本】数据质量,质量知识库 操作 新增 验证新增-关联系统,无,"1. 非必填
2. 集合元素0-100个
3. 字典来源
","1. 支持为空
2. “关联系统数量超出限制，最多 100个”
3. 数据入湖-源系统
",,2,功能测试,功能测试阶段
【0111版本】数据质量,质量知识库 操作 新增 验证新增-关联规则,无,"1. 非必填
2. 集合元素0-100个
","1. 支持为空
2. “关联规则数量超出限制，最多 100个”
",,2,功能测试,功能测试阶段
【0111版本】数据质量,质量知识库 操作 新增 验证新增-知识条目类型,无,"1. 必填
2. 字典配置
","1. 为空提示：“知识条目类型不能为空”
2. 字段正确
",,2,功能测试,功能测试阶段
【0111版本】数据质量,质量知识库 操作 新增 验证新增-知识条目描述,无,"1. 必填
2. 长度1-2000字
","1. 为空提示：“知识条目描述不能为空”
2. 超长提示：“知识条目描述长度必须为1-2000字”
",,2,功能测试,功能测试阶段
【0111版本】数据质量,质量知识库 操作 新增 验证新增-知识条目名称,无,"1. 必填
2. 长度1-30位
3. 不支持重复
","1. 为空提示：“知识条目名称不能为空”
2. 超长提示：“知识条目名称长度必须为1-30位”
3. 重复提示：‘名称已存在’
",,2,功能测试,功能测试阶段
【0111版本】数据质量,质量知识库 操作 新增 验证点击新增,无,"1. 点击新增
2. 知识条目基本信息：知识条目名称、关联表名、关联系统、知识条目状态、知识条目类型、关联质量规则、描述
3. 文档附件
4. 所以字段均正确填写，点击保存
5. 点击灰层或返回按钮，二次确认‘是否确认关闭，未提交内容将不会被保存’，点击确认
","1. 成功以抽屉式弹窗唤出新建条目页面
2. 正确填写
3. 上传成功
4. 保存成功，列表+1
5. 关闭成功，返回列表页，列表数量不增加
",,1,功能测试,功能测试阶段
【0111版本】数据质量,质量知识库 列表 验证列表排序,无,"1. 默认以‘最后更新时间’倒序排序
2. 知识条目名称、关联表名、关联系统、关联规则、知识条目发布人、知识条目发布时间、最后更新时间、知识条目类型、知识条目状态 均支持排序
3. 点击字段旁的‘↕’图标切换正序、倒序
","1. 排序正确
2. 默认同时只支持一种类型排序
3. 排序正确
",,2,功能测试,功能测试阶段
【0111版本】数据质量,质量知识库 列表 验证列表展示,无,"1. 显示知识条目名称、关联表名、关联系统、关联规则、知识条目发布人、知识条目发布时间、最后更新时间、知识条目类型、知识条目状态、操作
2. 默认显示10条，大于10条分页展示
","1. 字段及字段值均正确
2. 分页正确
",,3,功能测试,功能测试阶段
【0111版本】数据质量,质量知识库 搜索 验证重置,无,"1. 点击重置清空所有搜索项
","1. 列表刷新展示全部数据
",,3,功能测试,功能测试阶段
【0111版本】数据质量,质量知识库 搜索 验证组合搜索,无,"1. 不同搜索条件组合搜索，取and关系
","1. 搜索结果正确
",,3,功能测试,功能测试阶段
【0111版本】数据质量,质量知识库 搜索 验证关联质量规则名称搜索,无,"1. 文本类搜索组件
2. 选择不同的匹配模式后，在文本框输入内容，点击查询
","1. 需要选择匹配模式：等于、包含、不包含、首匹配、尾匹配，默认选择包含，且仅支持单选
2. 搜索结果正确，有数据展示相应数据，无数据展示暂无数据
",,3,功能测试,功能测试阶段
【0111版本】数据质量,质量知识库 搜索 验证知识条目状态搜索,无,"1. 枚举类搜索组件
2. 支持选择已发布、未发布，支持多选
","1. 支持多选
2. 搜索结果正确
",,3,功能测试,功能测试阶段
【0111版本】数据质量,质量知识库 搜索 验证知识条目发布人姓名搜索,无,"1. 文本类搜索组件
2. 选择不同的匹配模式后，在文本框输入内容，点击查询
","1. 需要选择匹配模式：等于、包含、不包含、首匹配、尾匹配，默认选择包含，且仅支持单选
2. 搜索结果正确，有数据展示相应数据，无数据展示暂无数据
",,3,功能测试,功能测试阶段
【0111版本】数据质量,质量知识库 搜索 验证最后更新时间搜索,无,"1. 时间类搜索组件
2. 选择开始时间、结束时间，最小值必须小于等于最大值，左右为闭区间
","1. 时间选择器yyyy-MM-dd HH:mm
2. 搜索结果正确，有数据展示相应数据，无数据展示暂无数据
",,3,功能测试,功能测试阶段
【0111版本】数据质量,质量知识库 搜索 验证知识条目类型搜索,无,"1. 枚举类搜索组件
2. 支持选择，选择内容来源于字典配置，支持多选
","1. 支持多选
2. 搜索结果正确
",,3,功能测试,功能测试阶段
【0111版本】数据质量,质量知识库 搜索 验证关联系统搜索,无,"1. 枚举类搜索组件
2. 支持选择，选择内容来源于字典配置，支持多选
","1. 支持多选
2. 搜索结果正确
",,3,功能测试,功能测试阶段
【0111版本】数据质量,质量知识库 搜索 验证关联表名搜索,无,"1. 文本类搜索组件
2. 选择不同的匹配模式后，在文本框输入内容，点击查询
","1. 需要选择匹配模式：等于、包含、不包含、首匹配、尾匹配，默认选择包含，且仅支持单选
2. 搜索结果正确，有数据展示相应数据，无数据展示暂无数据
",,3,功能测试,功能测试阶段
【0111版本】数据质量,质量知识库 搜索 验证知识条目名称搜索,无,"1. 文本类搜索组件
2. 选择不同的匹配模式后，在文本框输入内容，点击查询
","1. 需要选择匹配模式：等于、包含、不包含、首匹配、尾匹配，默认选择包含，且仅支持单选
2. 搜索结果正确，有数据展示相应数据，无数据展示暂无数据
",,3,功能测试,功能测试阶段
【0111版本】数据质量,质量任务实例 操作 详情 验证规则tab对应质量知识库列表，查看详情-文档附件,无,"1. 列表显示序号、文件名称、操作
2. 一页展示5条，大于5条分页展示
3. 点击下载
","1. 字段及字段值均正确
2. 分页正确
3. 下载成功，查看下载文件内容正确
",,3,功能测试,功能测试阶段
【0111版本】数据质量,质量任务实例 操作 详情 验证规则tab对应质量知识库列表，查看详情-知识条目基本信息,无,"1. 包含知识条目名称、关联表名、关联系统、知识条目状态、知识条目发布人、知识条目发布时间、最后更新人、最后更新时间、知识条目类型、关联质量规则、知识条目名称描述
","1. 字段及字段值均正确
",,3,功能测试,功能测试阶段
【0111版本】数据质量,质量任务实例 操作 详情 验证规则tab对应质量知识库列表，查看详情-搜索,无,"1. 支持选择关联规则、关联表名称、知识条目描述、知识条目名称，仅支持选择
2. 选择成功后，在文本框输入内容，点击查询
","1. 选择成功
2. 搜索结果正确，有数据展示相应数据，无数据展示暂无数据
",,3,功能测试,功能测试阶段
【0111版本】数据质量,质量任务实例 操作 详情 验证规则tab对应质量知识库列表，查看详情,无,"1. 点击【详情】
2. 详情所有字段均正确展示
3. 若质量知识库编辑修改保存成功
4. 点击【返回列表】
","1. 成功在本页面上再打开知识条目详情弹窗（不校验用户是否有【质量知识库】的权限）
2. 字段及字段值正确
3. 此处修改字段值同步更新
4. 成功返回列表页
",,1,功能测试,功能测试阶段
【0111版本】数据质量,质量任务实例 操作 详情 验证规则tab对应质量知识库列表,无,"1. 字段显示条目名称、描述、查看次数
2. 查看次数超过9999时
3. 查看次数小于等于9999时
","1. 字段正确
2. 显示9999+
3. 按照实际值显示
",,2,功能测试,功能测试阶段
【0111版本】数据质量,质量任务实例 操作 详情 验证规则tab对应质量知识库搜索及排序,无,"1. 选中当前规则tab
2. 支持对关联规则名称/关联表名称/知识条目名称/知识条目描述的关键字进行模糊搜索
3. 默认以查看次数降序排序
","1. 显示关联规则ID=本规则的知识条目卡片式列表，且仅展示已发布的知识条目
2. 搜索结果正确
3. 排序正确
",,2,功能测试,功能测试阶段
【0111版本】数据质量,质量任务实例 操作 详情 验证详情tab,无,"1. 规则tab根据实例包含规则显示，根据规则ID顺序排列横向排列，最后显示关联问题TAB
2. 规则tab名称显示规则名称
","1. 支持tab切换，切换成功，内容展示正确
2. 显示正确
",,3,功能测试,功能测试阶段
【0111版本】数据质量,质量任务实例 操作 详情 验证详情按钮,无,"1. 点击列表的【详情】按钮
2. 点击灰层或返回
","1. 成功展开该模块抽屉式详情
2. 成功收起详情
",,2,功能测试,功能测试阶段
【0111版本】数据质量,质量任务实例 列表 验证列表排序,无,"1. 默认以‘业务日期’倒序排序
2. 表名、节点ID、分区表达式、业务日期、执行开始时间、执行结束时间、状态、规则数 均支持排序
3. 点击字段旁的‘↕’图标切换正序、倒序
","1. 排序正确
2. 默认同时只支持一种类型排序
3. 排序正确
",,2,功能测试,功能测试阶段
【0111版本】数据质量,质量任务实例 列表 验证列表展示,无,"1. 列表数据来源
2. 列表字段包含表名、节点ID、分区表达式、业务日期、执行开始时间、执行结束时间、状态、规则数、操作按钮
3. 默认显示10条，大于10条分页展示
","1. 数据来自DataWorks-数据质量产品-质量规则任务实例
2. 显示正确
3. 分页正确
",,3,功能测试,功能测试阶段
【0111版本】数据质量,质量任务实例 列表 验证定时同步,无,"1. 每小时会定时发起同步任务
2. 如10：00定时自动同步成功
","1. 每一小时向dataworks请求数据更新，且同步成功
2. 「数据同步时间」时间正确，列表数据更新
",,1,功能测试,功能测试阶段
【0111版本】数据质量,质量任务实例 列表 验证立即同步,无,"1. 点击同步数据，立刻发起同步任务
2. 同步任务未结束时，再次点击同步校验
3. 同步任务完成时，查看「数据同步时间」
4. dataworks质量任务实例新增后，点击同步
5. dataworks质量规则变更点击同步
","1. 同步成功，质量任务实例列表数据更新
2. 提示：任务进行中，请稍后再试
3. 显示最后一次成功的同步完成时间，时间正确
4. 同步成功，数据门户数据同步新增实例
5. 同步成功，历史实例规则数据不会变更
",,1,功能测试,功能测试阶段
【0111版本】数据质量,质量任务实例 列表 验证数据最近同步时间,无,"1. 同步任务完成时，查看「数据同步时间」
","1. 显示最后一次成功的同步完成时间，时间正确
",,2,功能测试,功能测试阶段
【0111版本】数据质量,质量任务实例 列表 验证只看我已在门户关注的规则,无,"1. 默认勾选
2. 支持取消勾选
3. 勾选时过滤规则类型=‘未关注’的结果
","1. 显示正确
2. 列表展示全量数据
3. 过滤掉所有不含用户关注规则的实例
",,2,功能测试,功能测试阶段
【0111版本】数据质量,质量任务实例 搜索 验证重置,无,"1. 点击重置清空所有搜索项
","1. 列表刷新展示全部数据
",,3,功能测试,功能测试阶段
【0111版本】数据质量,质量任务实例 搜索 验证组合搜索,无,"1. 不同搜索条件组合搜索，取and关系
","1. 搜索结果正确
",,3,功能测试,功能测试阶段
【0111版本】数据质量,质量任务实例 搜索 验证状态搜索,无,"1. 枚举类搜索组件
2. 支持选择正常、报警，支持多选
","1. 支持多选
2. 搜索结果正确
",,3,功能测试,功能测试阶段
【0111版本】数据质量,质量任务实例 搜索 验证执行结束时间搜索,无,"1. 时间类搜索组件
2. 选择开始时间、结束时间，最小值必须小于等于最大值，左右为闭区间
","1. 时间选择器yyyy-MM-dd HH:mm:ss
2. 搜索结果正确，有数据展示相应数据，无数据展示暂无数据
",,3,功能测试,功能测试阶段
【0111版本】数据质量,质量任务实例 搜索 验证执行开始时间搜索,无,"1. 时间类搜索组件
2. 选择开始时间、结束时间，最小值必须小于等于最大值，左右为闭区间
","1. 时间选择器yyyy-MM-dd HH:mm:ss
2. 搜索结果正确，有数据展示相应数据，无数据展示暂无数据
",,3,功能测试,功能测试阶段
【0111版本】数据质量,质量任务实例 搜索 验证业务日期搜索,无,"1. 时间类搜索组件
2. 选择开始时间、结束时间，最小值必须小于等于最大值，左右为闭区间
","1. 时间选择器yyyy-MM-dd HH:mm:ss
2. 搜索结果正确，有数据展示相应数据，无数据展示暂无数据
",,3,功能测试,功能测试阶段
【0111版本】数据质量,质量任务实例 搜索 验证节点ID搜索,无,"1. 文本类搜索组件
2. 选择不同的匹配模式后，在文本框输入内容，点击查询
","1. 需要选择匹配模式：等于、包含、不包含、首匹配、尾匹配，默认选择包含，且仅支持单选
2. 搜索结果正确，有数据展示相应数据，无数据展示暂无数据
",,3,功能测试,功能测试阶段
【0111版本】数据质量,质量任务实例 搜索 验证表名称搜索,无,"1. 文本类搜索组件
2. 选择不同的匹配模式后，在文本框输入内容，点击查询
","1. 需要选择匹配模式：等于、包含、不包含、首匹配、尾匹配，默认选择包含，且仅支持单选
2. 搜索结果正确，有数据展示相应数据，无数据展示暂无数据
",,3,功能测试,功能测试阶段
【0111版本】数据质量,质量任务实例 搜索 验证分区表达式搜索,无,"1. 枚举类搜索组件
2. 支持选择，选择内容来源于字典配置，支持多选
","1. 支持多选
2. 搜索结果正确
",,3,功能测试,功能测试阶段
【0111版本】数据质量,质量监控规则 操作 验证关注,无,"1. 点击【关注】
2. 点击【取关】
","1. 关注成功
2. 取关成功
",,1,功能测试,功能测试阶段
【0111版本】数据质量,质量监控规则 操作 验证实例,无,"1. 点击【实例】自动带入本规则名称作为筛选条件
","1. 成功进入【数据质量-质量任务示例】列表，且筛选结果正确
",,2,功能测试,功能测试阶段
【0111版本】数据质量,质量监控规则 操作 详情 验证详情-关联知识：点击详情,无,"1. 点击详情
","1. 在本页面上再打开知识条目详情弹窗（不校验用户是否有【质量知识库】的权限）
",,2,功能测试,功能测试阶段
【0111版本】数据质量,质量监控规则 操作 详情 验证详情-关联知识列表,无,"1. 列表显示知识名称、更新人、最后更新时间、操作
2. 默认一页展示10条，大于10条分页展示
","1. 字段及字段值正确
2. 分页正确
",,3,功能测试,功能测试阶段
【0111版本】数据质量,质量监控规则 操作 详情 验证详情-关联知识：该tab是否展示,无,"1. 当不存在任何关联知识时
2. 当存在关联知识大于等于1条
","1. 不显示本TAB
2. 显示本TAB
",,2,功能测试,功能测试阶段
【0111版本】数据质量,质量监控规则 操作 详情 验证详情-规则详情,无,"1. 引擎/数据源、引擎/数据源实例、规则名称、规则ID、规则类型、DW是否已删除、表名称、规则字段、强/弱、采样方式、校验规则描述、校验方式、比较方式、橙色阈值、红色阈值、期望值、过滤条件
2. 若dataworks以上字段发生变更，并重新同步成功
","1. 字段及字段值正确
2. 变更的字段值同步更新
",,1,功能测试,功能测试阶段
【0111版本】数据质量,质量监控规则 操作 详情 验证详情tab,无,"1. 支持详情规则、管理问题、管理知识tab切换
","1. 切换成功，内容展示正确
",,3,功能测试,功能测试阶段
【0111版本】数据质量,质量监控规则 操作 详情 验证详情按钮,无,"1. 点击列表的【详情】按钮
2. 点击灰层或返回
","1. 可展开该模块抽屉式详情
2. 成功收起详情
",,2,功能测试,功能测试阶段
【0111版本】数据质量,质量监控规则 列表 验证列表排序,无,"1. 默认以‘规则ID’倒序排序
2. 规则名称、规则类型、规则ID、表名、规则字段、强/弱 均支持排序
3. 点击字段旁的‘↕’图标切换正序、倒序
","1. 排序正确
2. 默认同时只支持一种类型排序
3. 排序正确
",,2,功能测试,功能测试阶段
【0111版本】数据质量,质量监控规则 列表 验证列表展示,无,"1. 列表数据来源
2. 列表字段包含规则名称、规则类型、规则ID、表名、规则字段、强/弱、操作按钮
3. 默认显示10条，大于10条分页展示
","1. 数据来自DataWorks-数据质量产品-质量监控规则
2. 显示正确
3. 分页正确
",,3,功能测试,功能测试阶段
【0111版本】数据质量,质量监控规则 列表 验证定时同步,无,"1. 每小时会定时发起同步任务
2. 如10：00定时自动同步成功
","1. 每一小时向dataworks请求数据更新，且同步成功
2. 「数据同步时间」时间正确，列表数据更新
",,1,功能测试,功能测试阶段
【0111版本】数据质量,质量监控规则 列表 验证立即同步,无,"1. 点击同步数据，立刻发起同步任务
2. 同步任务未结束时，再次点击同步校验
3. 同步任务完成时，查看「数据同步时间」
4. dataworks质量监控规则字段值变更，点击同步
5. dataworks质量监控规则新增后，点击同步
6. dataworks质量监控规则删除后，点击同步
","1. 同步成功，质量监控规则列表数据更新
2. 提示：任务进行中，请稍后再试
3. 显示最后一次成功的同步完成时间，时间正确
4. 同步成功，数据门户数据同步更新规则
5. 同步成功，数据门户数据同步新增规则
6. 同步成功，数据门户数据详情里面字段’dw是否已删除‘-已删除，不支持恢复
",,1,功能测试,功能测试阶段
【0111版本】数据质量,质量监控规则 列表 验证数据最近同步时间,无,"1. 同步任务完成时，查看「数据同步时间」
","1. 显示最后一次成功的同步完成时间，时间正确
",,2,功能测试,功能测试阶段
【0111版本】数据质量,质量监控规则 列表 验证折叠未定义类的规则,无,"1. 默认勾选
2. 支持取消勾选
3. 勾选时过滤规则类型=‘未定义类’的结果
","1. 显示正确
2. 列表展示全量数据
3. 搜索结果正确
",,2,功能测试,功能测试阶段
【0111版本】数据质量,质量监控规则 列表 验证分区表达式目录树,无,"1. 列表左侧显示分区表大师目录
2. 仅支持单选，选择后列表展示和该分区表达式一致的匹配的质量规则数据
3. 选择分区表达式目录搜索结果与其他文本型、枚举型搜索结果取and关系
","1. 目录树展示正确
2. 搜索结果正确
3. 搜索结果正确
",,2,功能测试,功能测试阶段
【0111版本】数据质量,质量监控规则 搜索 验证重置,无,"1. 点击重置清空所有搜索项
","1. 列表刷新展示全部数据
",,3,功能测试,功能测试阶段
【0111版本】数据质量,质量监控规则 搜索 验证组合搜索,无,"1. 不同搜索条件组合搜索，取and关系
","1. 搜索结果正确
",,3,功能测试,功能测试阶段
【0111版本】数据质量,质量监控规则 搜索 验证规则类型搜索,无,"1. 枚举类搜索组件
2. 支持选择一致性、有效性、准确性、及时性、唯一性、完鍪性、特殊性、未定义类，支持多选
","1. 支持多选
2. 搜索结果正确
",,3,功能测试,功能测试阶段
【0111版本】数据质量,质量监控规则 搜索 验证表名搜索,无,"1. 文本类搜索组件
2. 选择不同的匹配模式后，在文本框输入内容，点击查询
","1. 需要选择匹配模式：等于、包含、不包含、首匹配、尾匹配，默认选择包含，且仅支持单选
2. 搜索结果正确，有数据展示相应数据，无数据展示暂无数据
",,3,功能测试,功能测试阶段
【0111版本】数据质量,质量监控规则 搜索 验证规则ID搜索,无,"1. 文本类搜索组件
2. 选择不同的匹配模式后，在文本框输入内容，点击查询
","1. 需要选择匹配模式：等于、包含、不包含、首匹配、尾匹配，默认选择包含，且仅支持单选
2. 搜索结果正确，有数据展示相应数据，无数据展示暂无数据
",,3,功能测试,功能测试阶段
【0111版本】数据质量,质量监控规则 搜索 验证规则名称搜索,无,"1. 文本类搜索组件
2. 选择不同的匹配模式后，在文本框输入内容，点击查询
","1. 需要选择匹配模式：等于、包含、不包含、首匹配、尾匹配，默认选择包含，且仅支持单选
2. 搜索结果正确，有数据展示相应数据，无数据展示暂无数据
",,3,功能测试,功能测试阶段
【0111版本】数据标准,命名词典（ifream嵌入） 验证排序,无,"1. 默认按照修改时间倒排
","1. 排序正确
",,3,功能测试,功能测试阶段
【0111版本】数据标准,命名词典（ifream嵌入） 验证列表,无,"1. datablau-命名词典-列表数据一致
2. 显示中文名、全称、简称、分类、修改时间
","1. 显示正确
2. 显示正确
",,2,功能测试,功能测试阶段
【0111版本】数据标准,命名词典（ifream嵌入） 验证标准名称输入搜索,无,"1. 支持输入标准名称，点击搜索，支持模糊搜索
","1. 搜索结果正确
",,2,功能测试,功能测试阶段
【0111版本】数据标准,标准代码（ifream嵌入） 验证详情,无,"1. 点击详情
2. datablau-标准代码-详情数据一致
","1. 成功打开详情弹框
2. 显示正确
",,1,功能测试,功能测试阶段
【0111版本】数据标准,标准代码（ifream嵌入） 验证列表,无,"1. datablau-标准代码-列表数据一致
2. 显示名称、编号、主题、最后更新时间、操作
","1. 显示正确
2. 显示正确
",,3,功能测试,功能测试阶段
【0111版本】数据标准,标准代码（ifream嵌入） 验证目录树,无,"1. datablau-标准代码-目录树一致
2. 支持选择筛选
3. 选择目录树节点
","1. 显示正确
2. 仅支持单选
3. 列表正确显示该节点下所有的标准代码
",,2,功能测试,功能测试阶段
【0111版本】数据标准,标准代码（ifream嵌入） 验证代码名称输入搜索,无,"1. 支持输入代码名称，点击搜索，支持模糊搜索
","1. 搜索结果正确
",,3,功能测试,功能测试阶段
【0111版本】数据标准,基础标准（ifream嵌入） 验证详情,无,"1. 点击详情
2. datablau-基础标准-详情数据一致
","1. 成功打开详情弹框
2. 显示正确
",,1,功能测试,功能测试阶段
【0111版本】数据标准,基础标准（ifream嵌入） 验证列表,无,"1. datablau-基础标准-列表数据一致
2. 显示名称、编码、主题、业务定义部门、最后更新时间、操作
","1. 显示正确
2. 显示正确
",,3,功能测试,功能测试阶段
【0111版本】数据标准,基础标准（ifream嵌入） 验证目录树,无,"1. 和datablau-基础标准-目录树一致
2. 支持选择筛选
3. 选择目录树节点
","1. 显示正确
2. 仅支持单选
3. 列表正确显示该节点下所有的基础标准
",,2,功能测试,功能测试阶段
【0111版本】数据标准,基础标准（ifream嵌入） 验证标准名称输入搜索,无,"1. 支持输入标准名称，点击搜索，支持模糊搜索
","1. 搜索结果正确
",,3,功能测试,功能测试阶段
【0111版本】数据目录,验证重置按钮,无,"1. 点击重置
","1. 清空筛选项，列表刷新重置展示全部
",,3,功能测试,功能测试阶段
【0111版本】数据目录,验证名称搜索,无,"1. 输入节点名称，点击搜索，支持模糊搜索
2. 搜索后计数，查看列表计数正确
","1. 搜索结果正确，仅展示和输入节点名称符合的数据
2. 数量正确
",,3,功能测试,功能测试阶段
【0111版本】数据目录,验证数据目录页面正确展示,已完成从Datablau建模平台的数据同步,"1. 在“数据目录管理页面”查看目录展示区域
2. 展开各级节点，检查层级结构
","1. ifream嵌入和datablau原生功能保持一致
2. 节点父子关系与Datablau中定义一致，无缺失或错位
",,1,功能测试,功能测试阶段
【0111版本】数据货架-数据目录管理(#9889)【需求变更】,数据目录管理 验证验证编辑-数据Owner清单：新增,无,"1. 点击新增，新增一行
2. 支持模糊姓名或工号输入搜索选择
3. 同一行支持单选，必填
4. 选择人员
5. 节点下 Owner 总数 0-99
6. 同一目录节点内，一级组织机构不可重复
","1. 使用『用云研平台封装的人员选择器组件』
2. 搜索结果正确
3. 为空提示：不能为空，请选择人员
4. 添加用户成功，数据Owner清单显示
5. 添加大于99个时，提示校验：单个节点最多允许 99 个数据 Owner
6. 添加重复组织机构，提示校验：组织机构重复，每个组织只能有 1 个数据 Owner
",,1,功能测试,功能测试阶段
【0111版本】数据货架-数据目录管理(#9889)【需求变更】,数据目录管理 验证验证编辑-数据Owner清单,无,"1. 列表显示工号、姓名、岗位、组织机构
2. 排序按照添加时间倒排
3. 点击新增
4. 点击移除
","1. 显示正确
2. 排序正确
3. 新增一行，支持选择用户
4. 成功将用户从清单移除
",,2,功能测试,功能测试阶段
【0111版本】数据货架-数据目录管理(#9889)【需求变更】,数据目录管理 验证验证编辑-标准责任人,无,"1. 标准责任人来源
2. 仅支持到单选，非必填
3. 支持模糊姓名或工号输入搜索选择
","1. 云研平台人员信息
2. 支持为空
3. 搜索结果正确
",,2,功能测试,功能测试阶段
【0111版本】数据货架-数据目录管理(#9889)【需求变更】,数据目录管理 验证验证编辑-本级编号,无,"1. 必填
2. 长度1-8位文本
3. 仅支持字母和数字
4. 同一父级不可重复
","1. 为空提示：本级编号不能为空
2. 超长提示：本级编号长度必须为1-8位
3. 反之提示校验：本级编号只能包含字母与数字
4. 反之提示校验：同一父级不可重复
",,2,功能测试,功能测试阶段
【0111版本】数据货架-数据目录管理(#9889)【需求变更】,数据目录管理 验证验证编辑-数据目录路径,无,"1. 查看数据目录路径
2. 如当前层级关系技术部（L0）、测试部（L1）、测试小组（L2）、安全测试（L3），若点击安全测试部编辑owner
","1. 回显正确，不支持编辑
2. 数据目录路径正确回显：技术部/测试部/测试小组/安全测试
",,2,功能测试,功能测试阶段
【0111版本】数据货架-数据目录管理(#9889)【需求变更】,数据目录管理 验证验证编辑,用户具有编辑权限,"1. 点击「编辑」
2. 输入本级编号
3. 选择标准责任人如选择用户：xx1『用云研平台封装的人员选择器组件』
4. 数据Owner清单点击新增添加人员
5. 点击“保存”按钮
6. 再次点击「编辑」
7. 点击“保存”按钮
","1. 成功出现数据目录编辑弹框
2. 输入成功
3. 选择成功
4. 添加成功
5. 提示“保存成功”，弹框消失，列表标准责任人姓名回显xx1、标准责任人工号回显正确
6. 标准责任人上次维护的用户回显正确：xx1，修改用户为xx2
7. 提示“保存成功”，弹框消失，列表标准责任人姓名回显xx2、标准责任人工号回显正确
",,1,功能测试,功能测试阶段
【0111版本】数据货架-数据目录管理(#9889)【需求变更】,数据目录管理 验证数据目录（L0-L3主要信息）列表,四层树形目录已成功展示,"1. 数据目录节点名称、目录层级、本级编号、标准责任人姓名、标准责任人工号、标准责任部门、排序、节点状态、更新时间、操作
2. 列表排序根据‘排序’字段顺序排列
3. 本列表数据全部用户均可见
4. 本列表页不设置分页
","1. 列表字段、字段值和Datablau中定义一致，仅回显不支持编辑
2. 排序正确
3. 不做数据隔离
4. 正确显示
",,2,功能测试,功能测试阶段
【0111版本】数据货架-数据目录管理(#9889)【需求变更】,数据目录管理 验证重置按钮,无,"1. 点击重置
","1. 清空筛选项，列表刷新重置展示全部
",,3,功能测试,功能测试阶段
【0111版本】数据货架-数据目录管理(#9889)【需求变更】,数据目录管理 验证L0-L3/L2A节点名称搜索,无,"1. 输入节点名称，点击搜索，支持模糊搜索
2. 搜索后计数，查看列表计数正确
","1. 搜索结果正确，仅展示和输入节点名称符合的数据
2. 数量正确
",,3,功能测试,功能测试阶段
【0111版本】数据货架-数据目录管理(#9889)【需求变更】,数据目录管理 验证L0-L3/L2A目录树数据正确展示,已完成从Datablau建模平台的数据同步,"1. 在“数据目录管理页面”查看目录展示区域
2. 支持点击展开L1、L2、L3/L2A层级『@刘老师确认』
3. 支持点击收起L1、L2、L3/L2A层级
4. 展开各级节点，检查层级结构
","1. 默认展示L0层级，L1、L2、L3/L2A层级收起
2. 展开成功
3. 收起成功
4. 节点父子关系与Datablau中定义一致，无缺失或错位
",,1,功能测试,功能测试阶段
【0111版本】数据货架-数据目录管理(#9889)【需求变更】,数据目录管理 【1228版本不验证】验证定时同步,无,"1. 每小时会定时发起同步任务
2. 如10：00定时自动同步成功
","1. 同步成功，L0-L3/L2A目录树数据正确
2. 「数据同步时间」时间正确，目录树数据更新
",,1,功能测试,功能测试阶段
【0111版本】数据货架-数据目录管理(#9889)【需求变更】,数据目录管理 【1228版本不验证】验证立即同步按钮,用户已进入“数据目录管理页面”<br>Datablau建模平台存在有效的L0-L3/L2A层级数据,"1. 点击同步数据，立刻发起同步任务
2. 同步任务未结束时，再次点击同步校验
3. 同步任务完成时，查看「数据同步时间」
4. Datablau目录树字段值变更，点击同步
5. Datablau目录树新增节点后，点击同步
6. Datablau目录树删除节点后，点击同步
","1. 同步成功，L0-L3/L2A目录树数据正确，数据来源datablau-DAM-架构管理-数据模型管理-业务对象模型
2. 提示：任务进行中，请稍后再试
3. 显示最后一次成功的同步完成时间，时间正确
4. 同步成功，数据门户数据同步更新
5. 同步成功，数据门户数据同步新增节点
6. 同步成功，数据门户数据同步删除节点
",,1,功能测试,功能测试阶段
【1223版本】数据货架-指标资源(#9830),指标资源 验证指标详情-【下级指标信息】,无,"1. 一页展示5行数据，超过分页展示
2. 列表显示序号、下级指标信息编号、下级指标名称、开始日期、结束日期
","1. 分页正确
2. 中核指标平台-元数据同步，下级指标信息同名字段，列表数据正确
",,3,功能测试,功能测试阶段
【1223版本】数据货架-指标资源(#9830),指标资源 验证指标详情-【上级指标信息】,无,"1. 一页展示5行数据，超过分页展示
2. 列表显示序号、上级指标信息编号、上级指标名称、开始日期、结束日期
","1. 分页正确
2. 中核指标平台-元数据同步，上级指标信息同名字段，列表数据正确
",,3,功能测试,功能测试阶段
【1223版本】数据货架-指标资源(#9830),指标资源 验证指标详情-【技术-维度信息】,无,"1. 一页展示5行数据，超过分页展示
2. 列表显示序号、维度编号、维度名称
","1. 分页正确
2. 中核指标平台-元数据同步，维度信息同名字段，列表数据正确
",,2,功能测试,功能测试阶段
【1223版本】数据货架-指标资源(#9830),指标资源 验证指标详情-【基本信息】,无,"1. 基本信息
2. 点击前往指标中台查看完整信息【1223版本不验证】
3. 基本属性字段包含：指标编号
、指标名称、英文简称、指标别名
、新增日期、业务领域、主题域分组
、主题域、指标层级、体系一级、体系二级
、是否重点指标、统计周期、刷新频率、计量单位
、统计维度、统计对象、指标管理公司、指标管理部门、指标责任人、是否基础数据、指标业务来源
、指标数据来源、安全等级
、指标生效周期、指标定义、设置目的
、计算公式、绿灯判定规则、黄灯判定规则、红灯判定规则、备注
4. 技术属性字段包含：填报部门
、填报人员、计量单位、数据表、数据来源数据库
、数据模型、数据字段、数据格式、指标报表分享地址
","1. 字段及字段值正确
2. 成功跳转到指标体系平台中对应指标的详情页
3. 中核指标平台-元数据同步，基本信息同名字段，字段及字段值正确
4. 中核指标平台-元数据同步，基本信息同名字段，字段及字段值正确
",,2,功能测试,功能测试阶段
【1223版本】数据货架-指标资源(#9830),指标资源 验证点击指标详情,无,"1. 点击指标详情
2. 顶部展示：指标名称（指标编码）
3. 详情所有字段及字段值：来源于指标体系平台同步的指标详细信息
4. 点击返回上层
","1. 成功进入指标详情页面
2. 回显正确
3. 回显正确
4. 页签选中指标列表页或者重新打开指标列表页
",,1,功能测试,功能测试阶段
【1223版本】数据货架-指标资源(#9830),指标资源 验证指标列表,无,"1. 列表显示：指标层级、指标名称、指标编码、业务领域/主题域分组/主题域、管理部门、计量单位、新增时间
","1. 字段及字段值正确
",,3,功能测试,功能测试阶段
【1223版本】数据货架-指标资源(#9830),指标资源 验证列表排序,无,"1. 默认按照新增日期倒序展示
2. 支持切换正序倒序，点击正序
3. 点击倒序
","1. 排序正确
2. 排序按照新增日期正序排列
3. 排序按照新增日期倒序排列
",,2,功能测试,功能测试阶段
【1223版本】数据货架-指标资源(#9830),指标资源 【1223版本不验证】验证数据同步时间展示,无,"1. 展示指标资源最后一次成功同步的完成时间
","1. 数据同步时间：年月日时分秒，时间正确
",,2,功能测试,功能测试阶段
【1223版本】数据货架-指标资源(#9830),指标资源 【1223版本不验证】验证前往指标平台,无,"1. 点击前往指标平台
","1. 成功以新窗口打开，单点登录指标平台-指标清单页面
",,1,功能测试,功能测试阶段
【1223版本】数据货架-指标资源(#9830),指标资源 验证筛选结果数量,无,"1. 筛选后显示，筛选结果：共xx个结果
","1. 筛选数量正确
",,2,功能测试,功能测试阶段
【1223版本】数据货架-指标资源(#9830),指标资源 验证组合搜索,无,"1. 指标搜索与指标目录的筛选取and逻辑
","1. 组合搜索结果正确
",,2,功能测试,功能测试阶段
【1223版本】数据货架-指标资源(#9830),指标资源 验证左侧数据目录树 选择,无,"1. 数据目录树来源：同步指标体系平台的业务领域-主题域分组-主题域目录
2. 默认展开1级节点
3. 点击下级节点展开
4. 点击下级节点收起
5. 仅支持单选，选中非末级节点
","1. 数据正确
2. 显示正确
3. 展开成功
4. 收起成功
5. 筛选结果正确，结果包含本级及其所有下级的所有指标
",,1,功能测试,功能测试阶段
【1223版本】数据货架-指标资源(#9830),指标资源 验证输入搜索,无,"1. 输入资源名称，点击搜索，支持模糊搜索
","1. 搜索结果正确
",,3,功能测试,功能测试阶段
【1223版本】数据货架-指标资源(#9830),指标资源 验证指标资源列表数据来源,无,"1. 从指标体系平台同步全量指标，门户系统过滤仅展示已上架指标
","1. 数据正确
",,1,功能测试,功能测试阶段
